region_code,line_code,station_code,station_name_ja,station_name_ko,source_note
0,1,3,新橋,신바시,기존 수동 발음 표기 이전
0,5,37,高浜,타카하바,기존 수동 발음 표기 이전
0,36,195,新川,신카와,기존 수동 발음 표기 이전
0,68,36,高山,타카야마,기존 수동 발음 표기 이전
0,68,40,飛騨古川,히다후루카와,기존 수동 발음 표기 이전
0,130,65,新橋,신바시,기존 수동 발음 표기 이전
0,227,52,日本橋,니혼바시,도쿄 메트로 긴자선 발음 확인 2026-08-16
0,227,55,新橋,신바시,기존 수동 발음 표기 이전
0,227,83,大手町,오테마치,도쿄 메트로 지요다선 발음 확인 2026-08-16
0,228,76,大手町,오테마치,도쿄 메트로 도자이선 발음 확인 2026-08-16
0,228,77,日本橋,니혼바시,도쿄 메트로 도자이선 발음 확인 2026-08-16
0,229,42,大手町,오테마치,도쿄 메트로 마루노우치선 발음 확인 2026-08-16
0,230,43,大手町,오테마치,도쿄 메트로 한조몬선 발음 확인 2026-08-16
0,239,8,日本橋,니혼바시,도에이 아사쿠사선 발음 확인 2026-08-16
0,239,11,新橋,신바시,기존 수동 발음 표기 이전
0,240,57,大手町,오테마치,도에이 미타선 발음 확인 2026-08-16
0,241,4,市ヶ谷,이치가야,기존 수동 발음 표기 이전
1,169,18,土橋,도바시,기존 수동 발음 표기 이전
2,133,37,日本橋,닛폰바시,오사카 메트로 센니치마에선 발음 확인 2026-08-16
2,134,37,日本橋,닛폰바시,오사카 메트로 사카이스지선 발음 확인 2026-08-16
3,195,37,岡田,오카다,기존 수동 발음 표기 이전
3,197,1,郡中港,군츄코,기존 수동 발음 표기 이전
3,197,3,郡中,군츄,기존 수동 발음 표기 이전
3,197,5,新川,신카와,기존 수동 발음 표기 이전
3,197,7,地蔵町,지조마치,기존 수동 발음 표기 이전
3,197,9,松前,마사키,기존 수동 발음 표기 이전
3,197,11,古泉,코이즈미,기존 수동 발음 표기 이전
3,197,13,岡田,오카다,기존 수동 발음 표기 이전
3,197,15,鎌田,카마타,기존 수동 발음 표기 이전
3,197,17,余戸,요고,기존 수동 발음 표기 이전
3,197,19,土居田,도이다,기존 수동 발음 표기 이전
3,197,21,土橋,도바시,기존 수동 발음 표기 이전
3,197,23,松山市,마츠야마시,기존 수동 발음 표기 이전
3,197,25,大手町,오테마치,이요테츠 다카하마선 발음 확인 2026-08-16
3,197,27,古町,코마치,기존 수동 발음 표기 이전
3,197,29,衣山,키누야마,기존 수동 발음 표기 이전
3,197,31,西衣山,니시키누야마,기존 수동 발음 표기 이전
3,197,33,山西,야마니시,기존 수동 발음 표기 이전
3,197,35,三津,미츠,기존 수동 발음 표기 이전
3,197,37,港山,미나토야마,기존 수동 발음 표기 이전
3,197,39,梅津寺,바이신지,기존 수동 발음 표기 이전
3,197,41,高浜,타카하바,기존 수동 발음 표기 이전
3,215,101,西鉄福岡,니시테쓰후쿠오카,기존 수동 발음 표기 이전
1,130,28,金山,가나야마,아이치현의 역 발음 확인 2026-08-17
1,165,116,金山,가나야마,아이치현의 역 발음 확인 2026-08-17
