"odpt_station_id","name_ja","name_ko"
"odpt.Station:Toei.Shinjuku.Ichinoe","一之江","이치노에"
"odpt.Station:Toei.Arakawa.Minowabashi","三ノ輪橋","미노와바시"
"odpt.Station:Toei.Asakusa.Mita|odpt.Station:Toei.Mita.Mita","三田","미타"
"odpt.Station:Toei.Oedo.UenoOkachimachi","上野御徒町","우에노오카치마치"
"odpt.Station:Toei.Oedo.Ryogoku","両国","료고쿠"
"odpt.Station:Toei.Oedo.Nakai","中井","나카이"
"odpt.Station:Toei.Asakusa.Nakanobu","中延","나카노부"
"odpt.Station:Toei.Asakusa.Gotanda","五反田","고탄다"
"odpt.Station:Toei.Oedo.Yoyogi","代々木","요요기"
"odpt.Station:Toei.Oedo.Hikarigaoka","光が丘","히카리가오카"
"odpt.Station:Toei.Mita.Uchisaiwaicho","内幸町","우치사이와이초"
"odpt.Station:Toei.Oedo.Kachidoki","勝どき","카치도키"
"odpt.Station:Toei.Mita.Sengoku","千石","센고쿠"
"odpt.Station:Toei.Arakawa.Mukohara","向原","무코하라"
"odpt.Station:Toei.Oedo.KokuritsuKyogijo","国立競技場","코쿠리츠쿄기죠"
"odpt.Station:Toei.Arakawa.OtsukaEkimae","大塚駅前","오츠카에키마에"
"odpt.Station:Toei.Shinjuku.Ojima","大島","오지마"
"odpt.Station:Toei.Asakusa.Daimon|odpt.Station:Toei.Oedo.Daimon","大門","다이몬"
"odpt.Station:Toei.Arakawa.Gakushuinshita","学習院下","가쿠슈인시타"
"odpt.Station:Toei.Asakusa.Takaracho","宝町","다카라초"
"odpt.Station:Toei.Arakawa.Miyanomae","宮ノ前","미야노마에"
"odpt.Station:Toei.Arakawa.Odai","小台","오다이"
"odpt.Station:Toei.Shinjuku.Ogawamachi","小川町","오가와마치"
"odpt.Station:Toei.Shinjuku.Iwamotocho","岩本町","이와모토초"
"odpt.Station:Toei.Mita.Sugamo","巣鴨","스가모"
"odpt.Station:Toei.Arakawa.Sugamoshinden","巣鴨新田","스가모신덴"
"odpt.Station:Toei.Shinjuku.Ichigaya","市ヶ谷","이치가야"
"odpt.Station:Toei.Arakawa.Koshinzuka","庚申塚","코신즈카"
"odpt.Station:Toei.Mita.Onarimon","御成門","오나리몬"
"odpt.Station:Toei.Mita.ShimuraSanchome","志村三丁目","시무라산초메"
"odpt.Station:Toei.Mita.ShimuraSakaue","志村坂上","시무라사카우에"
"odpt.Station:Toei.Asakusa.Togoshi","戸越","도고시"
"odpt.Station:Toei.NipporiToneri.OgiOhashi","扇大橋","오기오하시"
"odpt.Station:Toei.Asakusa.Oshiage","押上","오시아게"
"odpt.Station:Toei.Oedo.ShinjukuNishiguchi","新宿西口","신주쿠니시구치"
"odpt.Station:Toei.Arakawa.ShinKoshinzuka","新庚申塚","신코신즈카"
"odpt.Station:Toei.Oedo.ShinOkachimachi","新御徒町","신오카치마치"
"odpt.Station:Toei.Mita.ShinItabashi","新板橋","신이타바시"
"odpt.Station:Toei.Oedo.ShinEgota","新江古田","신에고타"
"odpt.Station:Toei.Mita.ShinTakashimadaira","新高島平","신타카시마다이라"
"odpt.Station:Toei.NipporiToneri.Nippori","日暮里","닛포리"
"odpt.Station:Toei.Mita.Kasuga|odpt.Station:Toei.Oedo.Kasuga","春日","가스가"
"odpt.Station:Toei.Shinjuku.Akebonobashi","曙橋","아케보노바시"
"odpt.Station:Toei.Shinjuku.Motoyawata","本八幡","모토야와타"
"odpt.Station:Toei.Asakusa.HonjoAzumabashi","本所吾妻橋","혼조아즈마바시"
"odpt.Station:Toei.Mita.Motohasunuma","本蓮沼","모토하스누마"
"odpt.Station:Toei.Oedo.HigashiNakano","東中野","히가시나카노"
"odpt.Station:Toei.Shinjuku.HigashiOjima","東大島","히가시오지마"
"odpt.Station:Toei.Arakawa.HigashiOguSanchome","東尾久三丁目","히가시오구산초메"
"odpt.Station:Toei.Asakusa.HigashiNihombashi","東日本橋","히가시니혼바시"
"odpt.Station:Toei.Arakawa.HigashiIkebukuroYonchome","東池袋四丁目","히가시이케부쿠로욘초메"
"odpt.Station:Toei.Mita.ItabashiKuyakushomae","板橋区役所前","이타바시쿠야쿠쇼마에"
"odpt.Station:Toei.Mita.Itabashihoncho","板橋本町","이타바시혼초"
"odpt.Station:Toei.Arakawa.Sakaecho","栄町","사카에초"
"odpt.Station:Toei.Arakawa.Kajiwara","梶原","가지와라"
"odpt.Station:Toei.Oedo.Morishita|odpt.Station:Toei.Shinjuku.Morishita","森下","모리시타"
"odpt.Station:Toei.Mita.Suidobashi","水道橋","스이도바시"
"odpt.Station:Toei.Oedo.Shiodome","汐留","시오도메"
"odpt.Station:Toei.NipporiToneri.Kohoku","江北","고호쿠"
"odpt.Station:Toei.Asakusa.Sengakuji","泉岳寺","센가쿠지"
"odpt.Station:Toei.Asakusa.Asakusabashi","浅草橋","아사쿠사바시"
"odpt.Station:Toei.Shinjuku.Hamacho","浜町","하마초"
"odpt.Station:Toei.Arakawa.TakinogawaItchome","滝野川一丁目","다키노가와잇초메"
"odpt.Station:Toei.Arakawa.Kumanomae|odpt.Station:Toei.NipporiToneri.Kumanomae","熊野前","구마노마에"
"odpt.Station:Toei.Oedo.UshigomeYanagicho","牛込柳町","우시고메야나기초"
"odpt.Station:Toei.Oedo.UshigomeKagurazaka","牛込神楽坂","우시고메카구라자카"
"odpt.Station:Toei.Arakawa.OjiEkimae","王子駅前","오지역앞"
"odpt.Station:Toei.Shinjuku.Mizue","瑞江","미즈에"
"odpt.Station:Toei.Arakawa.MachiyaNichome","町屋二丁目","마치야니초메"
"odpt.Station:Toei.Arakawa.MachiyaEkimae","町屋駅前","마치야역앞"
"odpt.Station:Toei.Mita.Hakusan","白山","하쿠산"
"odpt.Station:Toei.Oedo.Tsukijishijo","築地市場","쓰키지시장"
"odpt.Station:Toei.Shinjuku.Shinozaki","篠崎","시노자키"
"odpt.Station:Toei.Oedo.Nerima","練馬","네리마"
"odpt.Station:Toei.Oedo.NerimaKasugacho","練馬春日町","네리마카스가초"
"odpt.Station:Toei.NipporiToneri.Toneri","舎人","도네리"
"odpt.Station:Toei.NipporiToneri.ToneriKoen","舎人公園","도네리공원"
"odpt.Station:Toei.Shinjuku.Funabori","船堀","후나보리"
"odpt.Station:Toei.Mita.Shibakoen","芝公園","시바공원"
"odpt.Station:Toei.Oedo.WakamatsuKawada","若松河田","와카마쓰카와다"
"odpt.Station:Toei.Arakawa.ArakawaItchumae","荒川一中前","아라카와잇추마에"
"odpt.Station:Toei.Arakawa.ArakawaNanachome","荒川七丁目","아라카와나나초메"
"odpt.Station:Toei.Arakawa.ArakawaNichome","荒川二丁目","아라카와니초메"
"odpt.Station:Toei.Arakawa.Arakawakuyakushomae","荒川区役所前","아라카와쿠야쿠쇼마에"
"odpt.Station:Toei.Arakawa.ArakawaShakomae","荒川車庫前","아라카와샤코마에"
"odpt.Station:Toei.Arakawa.ArakawaYuenchimae","荒川遊園地前","아라카와유엔치마에"
"odpt.Station:Toei.Shinjuku.Kikukawa","菊川","기쿠카와"
"odpt.Station:Toei.Oedo.OchiaiMinamiNagasaki","落合南長崎","오치아이미나미나가사키"
"odpt.Station:Toei.Mita.Hasune","蓮根","하스네"
"odpt.Station:Toei.Asakusa.Kuramae|odpt.Station:Toei.Oedo.Kuramae","蔵前","구라마에"
"odpt.Station:Toei.Arakawa.NishigaharaYonchome","西ヶ原四丁目","니시가하라욘초메"
"odpt.Station:Toei.Mita.Nishidai","西台","니시다이"
"odpt.Station:Toei.Shinjuku.NishiOjima","西大島","니시오지마"
"odpt.Station:Toei.Mita.NishiSugamo","西巣鴨","니시스가모"
"odpt.Station:Toei.NipporiToneri.NishiaraidaishiNishi","西新井大師西","니시아라이다이시니시"
"odpt.Station:Toei.Oedo.NishiShinjukuGochome","西新宿五丁目","니시신주쿠고초메"
"odpt.Station:Toei.Asakusa.NishiMagome","西馬込","니시마고메"
"odpt.Station:Toei.Mita.NishiTakashimadaira","西高島平","니시타카시마다이라"
"odpt.Station:Toei.NipporiToneri.MinumadaiShinsuikoen","見沼代親水公園","미누마다이신스이공원"
"odpt.Station:Toei.NipporiToneri.Yazaike","谷在家","야자이케"
"odpt.Station:Toei.Oedo.Toshimaen","豊島園","도시마엔"
"odpt.Station:Toei.NipporiToneri.AkadoShogakkomae","赤土小学校前","아카도쇼갓코마에"
"odpt.Station:Toei.Oedo.Akabanebashi","赤羽橋","아카바네바시"
"odpt.Station:Toei.NipporiToneri.AdachiOdai","足立小台","아다치오다이"
"odpt.Station:Toei.Oedo.Tochomae","都庁前","도초마에"
"odpt.Station:Toei.Arakawa.TodenZoshigaya","都電雑司ヶ谷","도덴조시가야"
"odpt.Station:Toei.Arakawa.Omokagebashi","面影橋","오모카게바시"
"odpt.Station:Toei.Arakawa.Asukayama","飛鳥山","아스카야마"
"odpt.Station:Toei.Shinjuku.BakuroYokoyama","馬喰横山","바쿠로요코야마"
"odpt.Station:Toei.Asakusa.Magome","馬込","마고메"
"odpt.Station:Toei.Mita.Takashimadaira","高島平","타카시마다이라"
"odpt.Station:Toei.Asakusa.Takanawadai","高輪台","다카나와다이"
"odpt.Station:Toei.NipporiToneri.Koya","高野","고야"
"odpt.Station:Toei.Arakawa.Kishibojimmae","鬼子母神前","기시보진마에"