operator,rule_type,band_or_rule,min_km,max_km,adult_fare_yen,surcharge_yen,notes,source_url,source_quality
Osaka Metro,zone,1,0,3,190,0,Final fare pairs are independently calculated from adjacent operating-distance facts + shortest-path/special-zone rules. The official full station-pair matrix is used only for validation and is not redistributed.,https://subway.osakametro.co.jp/guide/fare/fare/price.php,official
Osaka Metro,zone,2,3,7,240,0,Final fare pairs are independently calculated from adjacent operating-distance facts + shortest-path/special-zone rules. The official full station-pair matrix is used only for validation and is not redistributed.,https://subway.osakametro.co.jp/guide/fare/fare/price.php,official
Osaka Metro,zone,3,7,13,290,0,Final fare pairs are independently calculated from adjacent operating-distance facts + shortest-path/special-zone rules. The official full station-pair matrix is used only for validation and is not redistributed.,https://subway.osakametro.co.jp/guide/fare/fare/price.php,official
Osaka Metro,zone,4,13,19,340,0,Final fare pairs are independently calculated from adjacent operating-distance facts + shortest-path/special-zone rules. The official full station-pair matrix is used only for validation and is not redistributed.,https://subway.osakametro.co.jp/guide/fare/fare/price.php,official
Osaka Metro,zone,5,19,,390,0,Final fare pairs are independently calculated from adjacent operating-distance facts + shortest-path/special-zone rules. The official full station-pair matrix is used only for validation and is not redistributed.,https://subway.osakametro.co.jp/guide/fare/fare/price.php,official
Osaka Metro,surcharge,夢洲,,,90,90,夢洲発着は独自計算した通常運賃に90円を加算。,https://subway.osakametro.co.jp/guide/fare/various_fares/kasan/kasan_unchin.php,official
大阪シティバス,flat,all_regular_routes,,,210,0,Adult ordinary flat fare; pass excludes specified routes/on-demand bus.,https://citybus-osaka.co.jp/howto/,official
阪急電鉄,distance,1-4km,1,4,170,0,Adult one-way ordinary fare; fractional km is rounded up where operator rules require.,https://www.hankyu.co.jp/files/upload/topics/220803/2023040_fare.pdf,official
阪急電鉄,distance,5-9km,5,9,200,0,Adult one-way ordinary fare; fractional km is rounded up where operator rules require.,https://www.hankyu.co.jp/files/upload/topics/220803/2023040_fare.pdf,official
阪急電鉄,distance,10-14km,10,14,240,0,Adult one-way ordinary fare; fractional km is rounded up where operator rules require.,https://www.hankyu.co.jp/files/upload/topics/220803/2023040_fare.pdf,official
阪急電鉄,distance,15-19km,15,19,280,0,Adult one-way ordinary fare; fractional km is rounded up where operator rules require.,https://www.hankyu.co.jp/files/upload/topics/220803/2023040_fare.pdf,official
阪急電鉄,distance,20-26km,20,26,290,0,Adult one-way ordinary fare; fractional km is rounded up where operator rules require.,https://www.hankyu.co.jp/files/upload/topics/220803/2023040_fare.pdf,official
阪急電鉄,distance,27-33km,27,33,330,0,Adult one-way ordinary fare; fractional km is rounded up where operator rules require.,https://www.hankyu.co.jp/files/upload/topics/220803/2023040_fare.pdf,official
阪急電鉄,distance,34-42km,34,42,390,0,Adult one-way ordinary fare; fractional km is rounded up where operator rules require.,https://www.hankyu.co.jp/files/upload/topics/220803/2023040_fare.pdf,official
阪急電鉄,distance,43-51km,43,51,410,0,Adult one-way ordinary fare; fractional km is rounded up where operator rules require.,https://www.hankyu.co.jp/files/upload/topics/220803/2023040_fare.pdf,official
阪急電鉄,distance,52-60km,52,60,480,0,Adult one-way ordinary fare; fractional km is rounded up where operator rules require.,https://www.hankyu.co.jp/files/upload/topics/220803/2023040_fare.pdf,official
阪急電鉄,distance,61-70km,61,70,540,0,Adult one-way ordinary fare; fractional km is rounded up where operator rules require.,https://www.hankyu.co.jp/files/upload/topics/220803/2023040_fare.pdf,official
阪急電鉄,distance,71-76km,71,76,640,0,Adult one-way ordinary fare; fractional km is rounded up where operator rules require.,https://www.hankyu.co.jp/files/upload/topics/220803/2023040_fare.pdf,official
阪神電鉄,distance,1-4km,1,4,160,0,Adult one-way ordinary fare; fractional km is rounded up where operator rules require.,https://www.hanshin.co.jp/ticket/,official
阪神電鉄,distance,5-8km,5,8,200,0,Adult one-way ordinary fare; fractional km is rounded up where operator rules require.,https://www.hanshin.co.jp/ticket/,official
阪神電鉄,distance,9-13km,9,13,250,0,Adult one-way ordinary fare; fractional km is rounded up where operator rules require.,https://www.hanshin.co.jp/ticket/,official
阪神電鉄,distance,14-18km,14,18,280,0,Adult one-way ordinary fare; fractional km is rounded up where operator rules require.,https://www.hanshin.co.jp/ticket/,official
阪神電鉄,distance,19-24km,19,24,300,0,Adult one-way ordinary fare; fractional km is rounded up where operator rules require.,https://www.hanshin.co.jp/ticket/,official
阪神電鉄,distance,25-30km,25,30,320,0,Adult one-way ordinary fare; fractional km is rounded up where operator rules require.,https://www.hanshin.co.jp/ticket/,official
阪神電鉄,distance,31-34km,31,34,330,0,Adult one-way ordinary fare; fractional km is rounded up where operator rules require.,https://www.hanshin.co.jp/ticket/,official
京阪電鉄,distance,1-3km,1,3,180,0,Adult ordinary fare band from MLIT materials for the fare revision implemented 2025-10-01; fare results are independently calculated.,https://www.mlit.go.jp/common/001879895.pdf,mlit_official_public_document
京阪電鉄,distance,4-7km,4,7,240,0,Adult ordinary fare band from MLIT materials for the fare revision implemented 2025-10-01; fare results are independently calculated.,https://www.mlit.go.jp/common/001879895.pdf,mlit_official_public_document
京阪電鉄,distance,8-12km,8,12,320,0,Adult ordinary fare band from MLIT materials for the fare revision implemented 2025-10-01; fare results are independently calculated.,https://www.mlit.go.jp/common/001879895.pdf,mlit_official_public_document
京阪電鉄,distance,13-17km,13,17,360,0,Adult ordinary fare band from MLIT materials for the fare revision implemented 2025-10-01; fare results are independently calculated.,https://www.mlit.go.jp/common/001879895.pdf,mlit_official_public_document
京阪電鉄,distance,18-22km,18,22,400,0,Adult ordinary fare band from MLIT materials for the fare revision implemented 2025-10-01; fare results are independently calculated.,https://www.mlit.go.jp/common/001879895.pdf,mlit_official_public_document
京阪電鉄,distance,23-28km,23,28,420,0,Adult ordinary fare band from MLIT materials for the fare revision implemented 2025-10-01; fare results are independently calculated.,https://www.mlit.go.jp/common/001879895.pdf,mlit_official_public_document
京阪電鉄,distance,29-34km,29,34,440,0,Adult ordinary fare band from MLIT materials for the fare revision implemented 2025-10-01; fare results are independently calculated.,https://www.mlit.go.jp/common/001879895.pdf,mlit_official_public_document
京阪電鉄,distance,35-40km,35,40,460,0,Adult ordinary fare band from MLIT materials for the fare revision implemented 2025-10-01; fare results are independently calculated.,https://www.mlit.go.jp/common/001879895.pdf,mlit_official_public_document
京阪電鉄,distance,41-46km,41,46,480,0,Adult ordinary fare band from MLIT materials for the fare revision implemented 2025-10-01; fare results are independently calculated.,https://www.mlit.go.jp/common/001879895.pdf,mlit_official_public_document
京阪電鉄,distance,47-52km,47,52,490,0,Adult ordinary fare band from MLIT materials for the fare revision implemented 2025-10-01; fare results are independently calculated.,https://www.mlit.go.jp/common/001879895.pdf,mlit_official_public_document
京阪電鉄,distance,53-54km,53,54,500,0,Adult ordinary fare band from MLIT materials for the fare revision implemented 2025-10-01; fare results are independently calculated.,https://www.mlit.go.jp/common/001879895.pdf,mlit_official_public_document
近鉄,distance,1-3km,1,3,180,0,Adult one-way ordinary fare; fractional km is rounded up where operator rules require.,https://www.kintetsu.co.jp/gyoumu/kippu/pdf/kirotei_20260314.pdf,official
近鉄,distance,4-6km,4,6,240,0,Adult one-way ordinary fare; fractional km is rounded up where operator rules require.,https://www.kintetsu.co.jp/gyoumu/kippu/pdf/kirotei_20260314.pdf,official
近鉄,distance,7-10km,7,10,300,0,Adult one-way ordinary fare; fractional km is rounded up where operator rules require.,https://www.kintetsu.co.jp/gyoumu/kippu/pdf/kirotei_20260314.pdf,official
近鉄,distance,11-14km,11,14,360,0,Adult one-way ordinary fare; fractional km is rounded up where operator rules require.,https://www.kintetsu.co.jp/gyoumu/kippu/pdf/kirotei_20260314.pdf,official
近鉄,distance,15-18km,15,18,430,0,Adult one-way ordinary fare; fractional km is rounded up where operator rules require.,https://www.kintetsu.co.jp/gyoumu/kippu/pdf/kirotei_20260314.pdf,official
近鉄,distance,19-22km,19,22,490,0,Adult one-way ordinary fare; fractional km is rounded up where operator rules require.,https://www.kintetsu.co.jp/gyoumu/kippu/pdf/kirotei_20260314.pdf,official
近鉄,distance,23-26km,23,26,530,0,Adult one-way ordinary fare; fractional km is rounded up where operator rules require.,https://www.kintetsu.co.jp/gyoumu/kippu/pdf/kirotei_20260314.pdf,official
近鉄,distance,27-30km,27,30,590,0,Adult one-way ordinary fare; fractional km is rounded up where operator rules require.,https://www.kintetsu.co.jp/gyoumu/kippu/pdf/kirotei_20260314.pdf,official
近鉄,distance,31-35km,31,35,680,0,Adult one-way ordinary fare; fractional km is rounded up where operator rules require.,https://www.kintetsu.co.jp/gyoumu/kippu/pdf/kirotei_20260314.pdf,official
南海電鉄,distance,1-3km,1,3,180,0,Adult one-way ordinary fare; fractional km is rounded up where operator rules require.,https://www.nankai.co.jp/lib/traffic/guide/pdf/kisoku/01_20250401.pdf,official
南海電鉄,distance,4-7km,4,7,240,0,Adult one-way ordinary fare; fractional km is rounded up where operator rules require.,https://www.nankai.co.jp/lib/traffic/guide/pdf/kisoku/01_20250401.pdf,official
南海電鉄,distance,8-11km,8,11,290,0,Adult one-way ordinary fare; fractional km is rounded up where operator rules require.,https://www.nankai.co.jp/lib/traffic/guide/pdf/kisoku/01_20250401.pdf,official
南海電鉄,distance,12-15km,12,15,370,0,Adult one-way ordinary fare; fractional km is rounded up where operator rules require.,https://www.nankai.co.jp/lib/traffic/guide/pdf/kisoku/01_20250401.pdf,official
南海電鉄,distance,16-19km,16,19,420,0,Adult one-way ordinary fare; fractional km is rounded up where operator rules require.,https://www.nankai.co.jp/lib/traffic/guide/pdf/kisoku/01_20250401.pdf,official
南海電鉄,distance,20-23km,20,23,490,0,Adult one-way ordinary fare; fractional km is rounded up where operator rules require.,https://www.nankai.co.jp/lib/traffic/guide/pdf/kisoku/01_20250401.pdf,official
南海電鉄,distance,24-27km,24,27,540,0,Adult one-way ordinary fare; fractional km is rounded up where operator rules require.,https://www.nankai.co.jp/lib/traffic/guide/pdf/kisoku/01_20250401.pdf,official
南海電鉄,distance,28-31km,28,31,610,0,Adult one-way ordinary fare; fractional km is rounded up where operator rules require.,https://www.nankai.co.jp/lib/traffic/guide/pdf/kisoku/01_20250401.pdf,official
南海電鉄,distance,32-35km,32,35,650,0,Adult one-way ordinary fare; fractional km is rounded up where operator rules require.,https://www.nankai.co.jp/lib/traffic/guide/pdf/kisoku/01_20250401.pdf,official
阪神電鉄,surcharge,阪神なんば線 西九条～大阪難波,,,90,90,"Normal surcharge when using/crossing the extension; if the total fare-distance is 1–4km, surcharge is 60 yen.",https://www.hanshin.co.jp/ticket/,official
京阪電鉄,surcharge,中之島線 大江橋～中之島,,,60,60,Nakanoshima Line add-fare: MLIT 2025 fare-revision material states the existing surcharge remains unchanged; MLIT surcharge-status material lists 60 yen.,https://www.mlit.go.jp/common/001879895.pdf|https://www.mlit.go.jp/common/001287195.pdf,mlit_official_public_document
