operator,exception_type,origin_or_scope,destination_or_scope,fare_or_add_yen,calculation_via,notes,source_url,source_quality
Osaka Metro,shortest_route_rule,all stations,all stations,,shortest operating-km path,Passenger Rule Art.47: fare zone is calculated from the shortest route operating km.,https://subway.osakametro.co.jp/guide/fare/conditions_carriage/unsoyakan.php,official_rule
Osaka Metro,fare_equivalent_station_pair,梅田,東梅田,,0 km fare-calculation connection,Passenger Rule Art.49: treated as the same station for fare calculation.,https://subway.osakametro.co.jp/guide/fare/conditions_carriage/unsoyakan.php,official_rule
Osaka Metro,fare_equivalent_station_pair,梅田,西梅田,,0 km fare-calculation connection,Passenger Rule Art.49: treated as the same station for fare calculation.,https://subway.osakametro.co.jp/guide/fare/conditions_carriage/unsoyakan.php,official_rule
Osaka Metro,fare_equivalent_station_pair,東梅田,西梅田,,0 km fare-calculation connection,Passenger Rule Art.49: treated as the same station for fare calculation.,https://subway.osakametro.co.jp/guide/fare/conditions_carriage/unsoyakan.php,official_rule
Osaka Metro,fare_equivalent_station_pair,心斎橋,四ツ橋,,0 km fare-calculation connection,Passenger Rule Art.49: treated as the same station for fare calculation.,https://subway.osakametro.co.jp/guide/fare/conditions_carriage/unsoyakan.php,official_rule
Osaka Metro,special_fare_zone,中津,弁天町,2区,endpoint override,Passenger Rule Art.50 special fare-zone override.,https://subway.osakametro.co.jp/guide/fare/conditions_carriage/unsoyakan.php,official_rule
Osaka Metro,special_fare_zone,中津,緑橋,2区,endpoint override,Passenger Rule Art.50 special fare-zone override.,https://subway.osakametro.co.jp/guide/fare/conditions_carriage/unsoyakan.php,official_rule
Osaka Metro,special_fare_zone,天王寺,鶴橋,2区,endpoint override,Passenger Rule Art.50 special fare-zone override.,https://subway.osakametro.co.jp/guide/fare/conditions_carriage/unsoyakan.php,official_rule
Osaka Metro,special_fare_zone,新大阪,谷町四丁目,2区,endpoint override,Passenger Rule Art.50 special fare-zone override.,https://subway.osakametro.co.jp/guide/fare/conditions_carriage/unsoyakan.php,official_rule
Osaka Metro,special_fare_zone,新深江,昭和町,3区,endpoint override,Passenger Rule Art.50 special fare-zone override.,https://subway.osakametro.co.jp/guide/fare/conditions_carriage/unsoyakan.php,official_rule
Osaka Metro,special_fare_zone,昭和町,森ノ宮,3区,endpoint override,Passenger Rule Art.50 special fare-zone override.,https://subway.osakametro.co.jp/guide/fare/conditions_carriage/unsoyakan.php,official_rule
Osaka Metro,special_fare_zone,西中島南方,西長堀,2区,endpoint override,Passenger Rule Art.50 special fare-zone override.,https://subway.osakametro.co.jp/guide/fare/conditions_carriage/unsoyakan.php,official_rule
Osaka Metro,special_fare_zone,西田辺,谷町四丁目,3区,endpoint override,Passenger Rule Art.50 special fare-zone override.,https://subway.osakametro.co.jp/guide/fare/conditions_carriage/unsoyakan.php,official_rule
Osaka Metro,special_fare_zone,谷町六丁目,長居,3区,endpoint override,Passenger Rule Art.50 special fare-zone override.,https://subway.osakametro.co.jp/guide/fare/conditions_carriage/unsoyakan.php,official_rule
Osaka Metro,surcharge,夢洲,all other stations,+90,normal calculated zone + surcharge,Yumeshima ordinary fare adds 90 yen.,https://subway.osakametro.co.jp/guide/fare/various_fares/kasan/kasan_unchin.php,official_rule
阪神電鉄,surcharge,西九条,大阪難波,+90 / +60,,Uses/crosses the 西九条～大阪難波 extension: +90; when total fare-distance is 1–4 km: +60.,https://www.hanshin.co.jp/ticket/,official
阪神電鉄,calculation_route,大阪梅田・杭瀬方面,大阪難波・出来島方面,,大物経由,Fare route between the two branches is calculated through 大物; graph topology implements this.,https://www.hanshin.co.jp/ticket/,official_rules_extracted
南海電鉄,special_fare,三国ヶ丘,難波,350,,Current Nankai adult ordinary special fare override within Amazing Pass covered area.,https://www.nankai.co.jp/lib/traffic/guide/pdf/kisoku/01_20250401.pdf,official
南海電鉄,special_fare,中百舌鳥,今宮戎,350,,Current Nankai adult ordinary special fare override within Amazing Pass covered area.,https://www.nankai.co.jp/lib/traffic/guide/pdf/kisoku/01_20250401.pdf,official
南海電鉄,special_fare,中百舌鳥,新今宮,350,,Current Nankai adult ordinary special fare override within Amazing Pass covered area.,https://www.nankai.co.jp/lib/traffic/guide/pdf/kisoku/01_20250401.pdf,official
南海電鉄,special_fare,中百舌鳥,萩ノ茶屋,350,,Current Nankai adult ordinary special fare override within Amazing Pass covered area.,https://www.nankai.co.jp/lib/traffic/guide/pdf/kisoku/01_20250401.pdf,official
南海電鉄,special_fare,中百舌鳥,難波,350,,Current Nankai adult ordinary special fare override within Amazing Pass covered area.,https://www.nankai.co.jp/lib/traffic/guide/pdf/kisoku/01_20250401.pdf,official
南海電鉄,special_fare,今宮戎,百舌鳥八幡,350,,Current Nankai adult ordinary special fare override within Amazing Pass covered area.,https://www.nankai.co.jp/lib/traffic/guide/pdf/kisoku/01_20250401.pdf,official
南海電鉄,special_fare,新今宮,百舌鳥八幡,350,,Current Nankai adult ordinary special fare override within Amazing Pass covered area.,https://www.nankai.co.jp/lib/traffic/guide/pdf/kisoku/01_20250401.pdf,official
南海電鉄,special_fare,百舌鳥八幡,難波,350,,Current Nankai adult ordinary special fare override within Amazing Pass covered area.,https://www.nankai.co.jp/lib/traffic/guide/pdf/kisoku/01_20250401.pdf,official
阪急電鉄,shortest_route_rule,covered_network,covered_network,,,Fare is calculated from shortest applicable operating-km route; package uses shortest path over covered edges.,https://www.hankyu.co.jp/files/upload/topics/220803/2023040_fare.pdf,official_fare_rule
京阪電鉄,surcharge,中之島・渡辺橋,大江橋以東 / 中之島↔渡辺橋,+60,normal distance fare + 60,Nakanoshima Line add fare. The 60-yen amount is sourced from MLIT public materials; 2025 revision materials state the surcharge remains unchanged.,https://www.mlit.go.jp/common/001879895.pdf|https://www.mlit.go.jp/common/001287195.pdf,mlit_official_public_document
京阪電鉄,fare_equivalence_rule,大江橋,天満橋以東,,淀屋橋から同一目的駅までの運賃を使用,"Do not hard-code special fares. For ordinary fares from Oebashi to Temmabashi and eastward stations, calculate the fare using the equivalent Yodoyabashi-origin fare.",https://ja.wikipedia.org/wiki/%E4%BA%AC%E9%98%AA%E4%B8%AD%E4%B9%8B%E5%B3%B6%E7%B7%9A,wikipedia_cc_by_sa_rule
京阪電鉄,fare_equivalence_rule,なにわ橋,天満橋以東,,北浜から同一目的駅までの運賃を使用,"Do not hard-code special fares. For ordinary fares from Naniwabashi to Temmabashi and eastward stations, calculate the fare using the equivalent Kitahama-origin fare.",https://ja.wikipedia.org/wiki/%E4%BA%AC%E9%98%AA%E4%B8%AD%E4%B9%8B%E5%B3%B6%E7%B7%9A,wikipedia_cc_by_sa_rule
