operator,line,station_a,station_b,business_km,data_role,source_url,source_note
Osaka Metro,御堂筋線,江坂,東三国,2.0,calculation_edge,https://subway.osakametro.co.jp/guide/libray/unsoyakan/ryokyaku_eigyoukisoku_bessi.pdf,Adjacent factual operating distance only; full official station-pair matrix is not redistributed.
Osaka Metro,御堂筋線,東三国,新大阪,0.9,calculation_edge,https://subway.osakametro.co.jp/guide/libray/unsoyakan/ryokyaku_eigyoukisoku_bessi.pdf,Adjacent factual operating distance only; full official station-pair matrix is not redistributed.
Osaka Metro,御堂筋線,新大阪,西中島南方,0.7,calculation_edge,https://subway.osakametro.co.jp/guide/libray/unsoyakan/ryokyaku_eigyoukisoku_bessi.pdf,Adjacent factual operating distance only; full official station-pair matrix is not redistributed.
Osaka Metro,御堂筋線,西中島南方,中津,1.8,calculation_edge,https://subway.osakametro.co.jp/guide/libray/unsoyakan/ryokyaku_eigyoukisoku_bessi.pdf,Adjacent factual operating distance only; full official station-pair matrix is not redistributed.
Osaka Metro,御堂筋線,中津,梅田,1.0,calculation_edge,https://subway.osakametro.co.jp/guide/libray/unsoyakan/ryokyaku_eigyoukisoku_bessi.pdf,Adjacent factual operating distance only; full official station-pair matrix is not redistributed.
Osaka Metro,御堂筋線,梅田,淀屋橋,1.3,calculation_edge,https://subway.osakametro.co.jp/guide/libray/unsoyakan/ryokyaku_eigyoukisoku_bessi.pdf,Adjacent factual operating distance only; full official station-pair matrix is not redistributed.
Osaka Metro,御堂筋線,淀屋橋,本町,0.9,calculation_edge,https://subway.osakametro.co.jp/guide/libray/unsoyakan/ryokyaku_eigyoukisoku_bessi.pdf,Adjacent factual operating distance only; full official station-pair matrix is not redistributed.
Osaka Metro,御堂筋線,本町,心斎橋,1.0,calculation_edge,https://subway.osakametro.co.jp/guide/libray/unsoyakan/ryokyaku_eigyoukisoku_bessi.pdf,Adjacent factual operating distance only; full official station-pair matrix is not redistributed.
Osaka Metro,御堂筋線,心斎橋,なんば,0.9,calculation_edge,https://subway.osakametro.co.jp/guide/libray/unsoyakan/ryokyaku_eigyoukisoku_bessi.pdf,Adjacent factual operating distance only; full official station-pair matrix is not redistributed.
Osaka Metro,御堂筋線,なんば,大国町,1.2,calculation_edge,https://subway.osakametro.co.jp/guide/libray/unsoyakan/ryokyaku_eigyoukisoku_bessi.pdf,Adjacent factual operating distance only; full official station-pair matrix is not redistributed.
Osaka Metro,御堂筋線,大国町,動物園前,1.2,calculation_edge,https://subway.osakametro.co.jp/guide/libray/unsoyakan/ryokyaku_eigyoukisoku_bessi.pdf,Adjacent factual operating distance only; full official station-pair matrix is not redistributed.
Osaka Metro,御堂筋線,動物園前,天王寺,1.0,calculation_edge,https://subway.osakametro.co.jp/guide/libray/unsoyakan/ryokyaku_eigyoukisoku_bessi.pdf,Adjacent factual operating distance only; full official station-pair matrix is not redistributed.
Osaka Metro,御堂筋線,天王寺,昭和町,1.8,calculation_edge,https://subway.osakametro.co.jp/guide/libray/unsoyakan/ryokyaku_eigyoukisoku_bessi.pdf,Adjacent factual operating distance only; full official station-pair matrix is not redistributed.
Osaka Metro,御堂筋線,昭和町,西田辺,1.3,calculation_edge,https://subway.osakametro.co.jp/guide/libray/unsoyakan/ryokyaku_eigyoukisoku_bessi.pdf,Adjacent factual operating distance only; full official station-pair matrix is not redistributed.
Osaka Metro,御堂筋線,西田辺,長居,1.3,calculation_edge,https://subway.osakametro.co.jp/guide/libray/unsoyakan/ryokyaku_eigyoukisoku_bessi.pdf,Adjacent factual operating distance only; full official station-pair matrix is not redistributed.
Osaka Metro,御堂筋線,長居,あびこ,1.2,calculation_edge,https://subway.osakametro.co.jp/guide/libray/unsoyakan/ryokyaku_eigyoukisoku_bessi.pdf,Adjacent factual operating distance only; full official station-pair matrix is not redistributed.
Osaka Metro,御堂筋線,あびこ,北花田,1.9,calculation_edge,https://subway.osakametro.co.jp/guide/libray/unsoyakan/ryokyaku_eigyoukisoku_bessi.pdf,Adjacent factual operating distance only; full official station-pair matrix is not redistributed.
Osaka Metro,御堂筋線,北花田,新金岡,1.6,calculation_edge,https://subway.osakametro.co.jp/guide/libray/unsoyakan/ryokyaku_eigyoukisoku_bessi.pdf,Adjacent factual operating distance only; full official station-pair matrix is not redistributed.
Osaka Metro,御堂筋線,新金岡,なかもず,1.5,calculation_edge,https://subway.osakametro.co.jp/guide/libray/unsoyakan/ryokyaku_eigyoukisoku_bessi.pdf,Adjacent factual operating distance only; full official station-pair matrix is not redistributed.
Osaka Metro,谷町線,大日,守口,1.8,calculation_edge,https://subway.osakametro.co.jp/guide/libray/unsoyakan/ryokyaku_eigyoukisoku_bessi.pdf,Adjacent factual operating distance only; full official station-pair matrix is not redistributed.
Osaka Metro,谷町線,守口,太子橋今市,1.2,calculation_edge,https://subway.osakametro.co.jp/guide/libray/unsoyakan/ryokyaku_eigyoukisoku_bessi.pdf,Adjacent factual operating distance only; full official station-pair matrix is not redistributed.
Osaka Metro,谷町線,太子橋今市,千林大宮,1.0,calculation_edge,https://subway.osakametro.co.jp/guide/libray/unsoyakan/ryokyaku_eigyoukisoku_bessi.pdf,Adjacent factual operating distance only; full official station-pair matrix is not redistributed.
Osaka Metro,谷町線,千林大宮,関目高殿,1.1,calculation_edge,https://subway.osakametro.co.jp/guide/libray/unsoyakan/ryokyaku_eigyoukisoku_bessi.pdf,Adjacent factual operating distance only; full official station-pair matrix is not redistributed.
Osaka Metro,谷町線,関目高殿,野江内代,0.8,calculation_edge,https://subway.osakametro.co.jp/guide/libray/unsoyakan/ryokyaku_eigyoukisoku_bessi.pdf,Adjacent factual operating distance only; full official station-pair matrix is not redistributed.
Osaka Metro,谷町線,野江内代,都島,1.3,calculation_edge,https://subway.osakametro.co.jp/guide/libray/unsoyakan/ryokyaku_eigyoukisoku_bessi.pdf,Adjacent factual operating distance only; full official station-pair matrix is not redistributed.
Osaka Metro,谷町線,都島,天神橋筋六丁目,1.3,calculation_edge,https://subway.osakametro.co.jp/guide/libray/unsoyakan/ryokyaku_eigyoukisoku_bessi.pdf,Adjacent factual operating distance only; full official station-pair matrix is not redistributed.
Osaka Metro,谷町線,天神橋筋六丁目,中崎町,0.8,calculation_edge,https://subway.osakametro.co.jp/guide/libray/unsoyakan/ryokyaku_eigyoukisoku_bessi.pdf,Adjacent factual operating distance only; full official station-pair matrix is not redistributed.
Osaka Metro,谷町線,中崎町,東梅田,1.0,calculation_edge,https://subway.osakametro.co.jp/guide/libray/unsoyakan/ryokyaku_eigyoukisoku_bessi.pdf,Adjacent factual operating distance only; full official station-pair matrix is not redistributed.
Osaka Metro,谷町線,東梅田,南森町,1.2,calculation_edge,https://subway.osakametro.co.jp/guide/libray/unsoyakan/ryokyaku_eigyoukisoku_bessi.pdf,Adjacent factual operating distance only; full official station-pair matrix is not redistributed.
Osaka Metro,谷町線,南森町,天満橋,1.8,calculation_edge,https://subway.osakametro.co.jp/guide/libray/unsoyakan/ryokyaku_eigyoukisoku_bessi.pdf,Adjacent factual operating distance only; full official station-pair matrix is not redistributed.
Osaka Metro,谷町線,天満橋,谷町四丁目,0.9,calculation_edge,https://subway.osakametro.co.jp/guide/libray/unsoyakan/ryokyaku_eigyoukisoku_bessi.pdf,Adjacent factual operating distance only; full official station-pair matrix is not redistributed.
Osaka Metro,谷町線,谷町四丁目,谷町六丁目,1.0,calculation_edge,https://subway.osakametro.co.jp/guide/libray/unsoyakan/ryokyaku_eigyoukisoku_bessi.pdf,Adjacent factual operating distance only; full official station-pair matrix is not redistributed.
Osaka Metro,谷町線,谷町六丁目,谷町九丁目,0.9,calculation_edge,https://subway.osakametro.co.jp/guide/libray/unsoyakan/ryokyaku_eigyoukisoku_bessi.pdf,Adjacent factual operating distance only; full official station-pair matrix is not redistributed.
Osaka Metro,谷町線,谷町九丁目,四天王寺前夕陽ヶ丘,0.8,calculation_edge,https://subway.osakametro.co.jp/guide/libray/unsoyakan/ryokyaku_eigyoukisoku_bessi.pdf,Adjacent factual operating distance only; full official station-pair matrix is not redistributed.
Osaka Metro,谷町線,四天王寺前夕陽ヶ丘,天王寺,0.9,calculation_edge,https://subway.osakametro.co.jp/guide/libray/unsoyakan/ryokyaku_eigyoukisoku_bessi.pdf,Adjacent factual operating distance only; full official station-pair matrix is not redistributed.
Osaka Metro,谷町線,天王寺,阿倍野,0.6,calculation_edge,https://subway.osakametro.co.jp/guide/libray/unsoyakan/ryokyaku_eigyoukisoku_bessi.pdf,Adjacent factual operating distance only; full official station-pair matrix is not redistributed.
Osaka Metro,谷町線,阿倍野,文の里,1.1,calculation_edge,https://subway.osakametro.co.jp/guide/libray/unsoyakan/ryokyaku_eigyoukisoku_bessi.pdf,Adjacent factual operating distance only; full official station-pair matrix is not redistributed.
Osaka Metro,谷町線,文の里,田辺,1.0,calculation_edge,https://subway.osakametro.co.jp/guide/libray/unsoyakan/ryokyaku_eigyoukisoku_bessi.pdf,Adjacent factual operating distance only; full official station-pair matrix is not redistributed.
Osaka Metro,谷町線,田辺,駒川中野,1.0,calculation_edge,https://subway.osakametro.co.jp/guide/libray/unsoyakan/ryokyaku_eigyoukisoku_bessi.pdf,Adjacent factual operating distance only; full official station-pair matrix is not redistributed.
Osaka Metro,谷町線,駒川中野,平野,1.7,calculation_edge,https://subway.osakametro.co.jp/guide/libray/unsoyakan/ryokyaku_eigyoukisoku_bessi.pdf,Adjacent factual operating distance only; full official station-pair matrix is not redistributed.
Osaka Metro,谷町線,平野,喜連瓜破,1.4,calculation_edge,https://subway.osakametro.co.jp/guide/libray/unsoyakan/ryokyaku_eigyoukisoku_bessi.pdf,Adjacent factual operating distance only; full official station-pair matrix is not redistributed.
Osaka Metro,谷町線,喜連瓜破,出戸,1.3,calculation_edge,https://subway.osakametro.co.jp/guide/libray/unsoyakan/ryokyaku_eigyoukisoku_bessi.pdf,Adjacent factual operating distance only; full official station-pair matrix is not redistributed.
Osaka Metro,谷町線,出戸,長原,1.2,calculation_edge,https://subway.osakametro.co.jp/guide/libray/unsoyakan/ryokyaku_eigyoukisoku_bessi.pdf,Adjacent factual operating distance only; full official station-pair matrix is not redistributed.
Osaka Metro,谷町線,長原,八尾南,1.2,calculation_edge,https://subway.osakametro.co.jp/guide/libray/unsoyakan/ryokyaku_eigyoukisoku_bessi.pdf,Adjacent factual operating distance only; full official station-pair matrix is not redistributed.
Osaka Metro,四つ橋線,西梅田,肥後橋,1.3,calculation_edge,https://subway.osakametro.co.jp/guide/libray/unsoyakan/ryokyaku_eigyoukisoku_bessi.pdf,Adjacent factual operating distance only; full official station-pair matrix is not redistributed.
Osaka Metro,四つ橋線,肥後橋,本町,0.9,calculation_edge,https://subway.osakametro.co.jp/guide/libray/unsoyakan/ryokyaku_eigyoukisoku_bessi.pdf,Adjacent factual operating distance only; full official station-pair matrix is not redistributed.
Osaka Metro,四つ橋線,本町,四ツ橋,1.0,calculation_edge,https://subway.osakametro.co.jp/guide/libray/unsoyakan/ryokyaku_eigyoukisoku_bessi.pdf,Adjacent factual operating distance only; full official station-pair matrix is not redistributed.
Osaka Metro,四つ橋線,四ツ橋,なんば,0.9,calculation_edge,https://subway.osakametro.co.jp/guide/libray/unsoyakan/ryokyaku_eigyoukisoku_bessi.pdf,Adjacent factual operating distance only; full official station-pair matrix is not redistributed.
Osaka Metro,四つ橋線,なんば,大国町,1.2,calculation_edge,https://subway.osakametro.co.jp/guide/libray/unsoyakan/ryokyaku_eigyoukisoku_bessi.pdf,Adjacent factual operating distance only; full official station-pair matrix is not redistributed.
Osaka Metro,四つ橋線,大国町,花園町,1.3,calculation_edge,https://subway.osakametro.co.jp/guide/libray/unsoyakan/ryokyaku_eigyoukisoku_bessi.pdf,Adjacent factual operating distance only; full official station-pair matrix is not redistributed.
Osaka Metro,四つ橋線,花園町,岸里,1.1,calculation_edge,https://subway.osakametro.co.jp/guide/libray/unsoyakan/ryokyaku_eigyoukisoku_bessi.pdf,Adjacent factual operating distance only; full official station-pair matrix is not redistributed.
Osaka Metro,四つ橋線,岸里,玉出,1.3,calculation_edge,https://subway.osakametro.co.jp/guide/libray/unsoyakan/ryokyaku_eigyoukisoku_bessi.pdf,Adjacent factual operating distance only; full official station-pair matrix is not redistributed.
Osaka Metro,四つ橋線,玉出,北加賀屋,1.1,calculation_edge,https://subway.osakametro.co.jp/guide/libray/unsoyakan/ryokyaku_eigyoukisoku_bessi.pdf,Adjacent factual operating distance only; full official station-pair matrix is not redistributed.
Osaka Metro,四つ橋線,北加賀屋,住之江公園,1.7,calculation_edge,https://subway.osakametro.co.jp/guide/libray/unsoyakan/ryokyaku_eigyoukisoku_bessi.pdf,Adjacent factual operating distance only; full official station-pair matrix is not redistributed.
Osaka Metro,中央線,夢洲,コスモスクエア,3.2,calculation_edge,https://subway.osakametro.co.jp/guide/libray/unsoyakan/ryokyaku_eigyoukisoku_bessi.pdf,Adjacent factual operating distance only; full official station-pair matrix is not redistributed.
Osaka Metro,中央線,コスモスクエア,大阪港,2.4,calculation_edge,https://subway.osakametro.co.jp/guide/libray/unsoyakan/ryokyaku_eigyoukisoku_bessi.pdf,Adjacent factual operating distance only; full official station-pair matrix is not redistributed.
Osaka Metro,中央線,大阪港,朝潮橋,1.5,calculation_edge,https://subway.osakametro.co.jp/guide/libray/unsoyakan/ryokyaku_eigyoukisoku_bessi.pdf,Adjacent factual operating distance only; full official station-pair matrix is not redistributed.
Osaka Metro,中央線,朝潮橋,弁天町,1.6,calculation_edge,https://subway.osakametro.co.jp/guide/libray/unsoyakan/ryokyaku_eigyoukisoku_bessi.pdf,Adjacent factual operating distance only; full official station-pair matrix is not redistributed.
Osaka Metro,中央線,弁天町,九条,1.3,calculation_edge,https://subway.osakametro.co.jp/guide/libray/unsoyakan/ryokyaku_eigyoukisoku_bessi.pdf,Adjacent factual operating distance only; full official station-pair matrix is not redistributed.
Osaka Metro,中央線,九条,阿波座,1.5,calculation_edge,https://subway.osakametro.co.jp/guide/libray/unsoyakan/ryokyaku_eigyoukisoku_bessi.pdf,Adjacent factual operating distance only; full official station-pair matrix is not redistributed.
Osaka Metro,中央線,阿波座,本町,1.1,calculation_edge,https://subway.osakametro.co.jp/guide/libray/unsoyakan/ryokyaku_eigyoukisoku_bessi.pdf,Adjacent factual operating distance only; full official station-pair matrix is not redistributed.
Osaka Metro,中央線,本町,堺筋本町,0.7,calculation_edge,https://subway.osakametro.co.jp/guide/libray/unsoyakan/ryokyaku_eigyoukisoku_bessi.pdf,Adjacent factual operating distance only; full official station-pair matrix is not redistributed.
Osaka Metro,中央線,堺筋本町,谷町四丁目,1.0,calculation_edge,https://subway.osakametro.co.jp/guide/libray/unsoyakan/ryokyaku_eigyoukisoku_bessi.pdf,Adjacent factual operating distance only; full official station-pair matrix is not redistributed.
Osaka Metro,中央線,谷町四丁目,森ノ宮,1.3,calculation_edge,https://subway.osakametro.co.jp/guide/libray/unsoyakan/ryokyaku_eigyoukisoku_bessi.pdf,Adjacent factual operating distance only; full official station-pair matrix is not redistributed.
Osaka Metro,中央線,森ノ宮,緑橋,1.2,calculation_edge,https://subway.osakametro.co.jp/guide/libray/unsoyakan/ryokyaku_eigyoukisoku_bessi.pdf,Adjacent factual operating distance only; full official station-pair matrix is not redistributed.
Osaka Metro,中央線,緑橋,深江橋,1.1,calculation_edge,https://subway.osakametro.co.jp/guide/libray/unsoyakan/ryokyaku_eigyoukisoku_bessi.pdf,Adjacent factual operating distance only; full official station-pair matrix is not redistributed.
Osaka Metro,中央線,深江橋,高井田,1.4,calculation_edge,https://subway.osakametro.co.jp/guide/libray/unsoyakan/ryokyaku_eigyoukisoku_bessi.pdf,Adjacent factual operating distance only; full official station-pair matrix is not redistributed.
Osaka Metro,中央線,高井田,長田,1.8,calculation_edge,https://subway.osakametro.co.jp/guide/libray/unsoyakan/ryokyaku_eigyoukisoku_bessi.pdf,Adjacent factual operating distance only; full official station-pair matrix is not redistributed.
Osaka Metro,千日前線,野田阪神,玉川,0.6,calculation_edge,https://subway.osakametro.co.jp/guide/libray/unsoyakan/ryokyaku_eigyoukisoku_bessi.pdf,Adjacent factual operating distance only; full official station-pair matrix is not redistributed.
Osaka Metro,千日前線,玉川,阿波座,1.3,calculation_edge,https://subway.osakametro.co.jp/guide/libray/unsoyakan/ryokyaku_eigyoukisoku_bessi.pdf,Adjacent factual operating distance only; full official station-pair matrix is not redistributed.
Osaka Metro,千日前線,阿波座,西長堀,1.0,calculation_edge,https://subway.osakametro.co.jp/guide/libray/unsoyakan/ryokyaku_eigyoukisoku_bessi.pdf,Adjacent factual operating distance only; full official station-pair matrix is not redistributed.
Osaka Metro,千日前線,西長堀,桜川,0.9,calculation_edge,https://subway.osakametro.co.jp/guide/libray/unsoyakan/ryokyaku_eigyoukisoku_bessi.pdf,Adjacent factual operating distance only; full official station-pair matrix is not redistributed.
Osaka Metro,千日前線,桜川,なんば,1.1,calculation_edge,https://subway.osakametro.co.jp/guide/libray/unsoyakan/ryokyaku_eigyoukisoku_bessi.pdf,Adjacent factual operating distance only; full official station-pair matrix is not redistributed.
Osaka Metro,千日前線,なんば,日本橋,0.7,calculation_edge,https://subway.osakametro.co.jp/guide/libray/unsoyakan/ryokyaku_eigyoukisoku_bessi.pdf,Adjacent factual operating distance only; full official station-pair matrix is not redistributed.
Osaka Metro,千日前線,日本橋,谷町九丁目,1.0,calculation_edge,https://subway.osakametro.co.jp/guide/libray/unsoyakan/ryokyaku_eigyoukisoku_bessi.pdf,Adjacent factual operating distance only; full official station-pair matrix is not redistributed.
Osaka Metro,千日前線,谷町九丁目,鶴橋,1.1,calculation_edge,https://subway.osakametro.co.jp/guide/libray/unsoyakan/ryokyaku_eigyoukisoku_bessi.pdf,Adjacent factual operating distance only; full official station-pair matrix is not redistributed.
Osaka Metro,千日前線,鶴橋,今里,1.5,calculation_edge,https://subway.osakametro.co.jp/guide/libray/unsoyakan/ryokyaku_eigyoukisoku_bessi.pdf,Adjacent factual operating distance only; full official station-pair matrix is not redistributed.
Osaka Metro,千日前線,今里,新深江,0.9,calculation_edge,https://subway.osakametro.co.jp/guide/libray/unsoyakan/ryokyaku_eigyoukisoku_bessi.pdf,Adjacent factual operating distance only; full official station-pair matrix is not redistributed.
Osaka Metro,千日前線,新深江,小路,1.0,calculation_edge,https://subway.osakametro.co.jp/guide/libray/unsoyakan/ryokyaku_eigyoukisoku_bessi.pdf,Adjacent factual operating distance only; full official station-pair matrix is not redistributed.
Osaka Metro,千日前線,小路,北巽,0.9,calculation_edge,https://subway.osakametro.co.jp/guide/libray/unsoyakan/ryokyaku_eigyoukisoku_bessi.pdf,Adjacent factual operating distance only; full official station-pair matrix is not redistributed.
Osaka Metro,千日前線,北巽,南巽,1.1,calculation_edge,https://subway.osakametro.co.jp/guide/libray/unsoyakan/ryokyaku_eigyoukisoku_bessi.pdf,Adjacent factual operating distance only; full official station-pair matrix is not redistributed.
Osaka Metro,堺筋線,天神橋筋六丁目,扇町,0.7,calculation_edge,https://subway.osakametro.co.jp/guide/libray/unsoyakan/ryokyaku_eigyoukisoku_bessi.pdf,Adjacent factual operating distance only; full official station-pair matrix is not redistributed.
Osaka Metro,堺筋線,扇町,南森町,0.6,calculation_edge,https://subway.osakametro.co.jp/guide/libray/unsoyakan/ryokyaku_eigyoukisoku_bessi.pdf,Adjacent factual operating distance only; full official station-pair matrix is not redistributed.
Osaka Metro,堺筋線,南森町,北浜,0.8,calculation_edge,https://subway.osakametro.co.jp/guide/libray/unsoyakan/ryokyaku_eigyoukisoku_bessi.pdf,Adjacent factual operating distance only; full official station-pair matrix is not redistributed.
Osaka Metro,堺筋線,北浜,堺筋本町,0.9,calculation_edge,https://subway.osakametro.co.jp/guide/libray/unsoyakan/ryokyaku_eigyoukisoku_bessi.pdf,Adjacent factual operating distance only; full official station-pair matrix is not redistributed.
Osaka Metro,堺筋線,堺筋本町,長堀橋,1.0,calculation_edge,https://subway.osakametro.co.jp/guide/libray/unsoyakan/ryokyaku_eigyoukisoku_bessi.pdf,Adjacent factual operating distance only; full official station-pair matrix is not redistributed.
Osaka Metro,堺筋線,長堀橋,日本橋,0.9,calculation_edge,https://subway.osakametro.co.jp/guide/libray/unsoyakan/ryokyaku_eigyoukisoku_bessi.pdf,Adjacent factual operating distance only; full official station-pair matrix is not redistributed.
Osaka Metro,堺筋線,日本橋,恵美須町,1.0,calculation_edge,https://subway.osakametro.co.jp/guide/libray/unsoyakan/ryokyaku_eigyoukisoku_bessi.pdf,Adjacent factual operating distance only; full official station-pair matrix is not redistributed.
Osaka Metro,堺筋線,恵美須町,動物園前,0.7,calculation_edge,https://subway.osakametro.co.jp/guide/libray/unsoyakan/ryokyaku_eigyoukisoku_bessi.pdf,Adjacent factual operating distance only; full official station-pair matrix is not redistributed.
Osaka Metro,堺筋線,動物園前,天下茶屋,1.5,calculation_edge,https://subway.osakametro.co.jp/guide/libray/unsoyakan/ryokyaku_eigyoukisoku_bessi.pdf,Adjacent factual operating distance only; full official station-pair matrix is not redistributed.
Osaka Metro,長堀鶴見緑地線,大正,ドーム前千代崎,0.6,calculation_edge,https://subway.osakametro.co.jp/guide/libray/unsoyakan/ryokyaku_eigyoukisoku_bessi.pdf,Adjacent factual operating distance only; full official station-pair matrix is not redistributed.
Osaka Metro,長堀鶴見緑地線,ドーム前千代崎,西長堀,1.0,calculation_edge,https://subway.osakametro.co.jp/guide/libray/unsoyakan/ryokyaku_eigyoukisoku_bessi.pdf,Adjacent factual operating distance only; full official station-pair matrix is not redistributed.
Osaka Metro,長堀鶴見緑地線,西長堀,西大橋,0.6,calculation_edge,https://subway.osakametro.co.jp/guide/libray/unsoyakan/ryokyaku_eigyoukisoku_bessi.pdf,Adjacent factual operating distance only; full official station-pair matrix is not redistributed.
Osaka Metro,長堀鶴見緑地線,西大橋,心斎橋,0.5,calculation_edge,https://subway.osakametro.co.jp/guide/libray/unsoyakan/ryokyaku_eigyoukisoku_bessi.pdf,Adjacent factual operating distance only; full official station-pair matrix is not redistributed.
Osaka Metro,長堀鶴見緑地線,心斎橋,長堀橋,0.7,calculation_edge,https://subway.osakametro.co.jp/guide/libray/unsoyakan/ryokyaku_eigyoukisoku_bessi.pdf,Adjacent factual operating distance only; full official station-pair matrix is not redistributed.
Osaka Metro,長堀鶴見緑地線,長堀橋,松屋町,0.6,calculation_edge,https://subway.osakametro.co.jp/guide/libray/unsoyakan/ryokyaku_eigyoukisoku_bessi.pdf,Adjacent factual operating distance only; full official station-pair matrix is not redistributed.
Osaka Metro,長堀鶴見緑地線,松屋町,谷町六丁目,0.4,calculation_edge,https://subway.osakametro.co.jp/guide/libray/unsoyakan/ryokyaku_eigyoukisoku_bessi.pdf,Adjacent factual operating distance only; full official station-pair matrix is not redistributed.
Osaka Metro,長堀鶴見緑地線,谷町六丁目,玉造,1.3,calculation_edge,https://subway.osakametro.co.jp/guide/libray/unsoyakan/ryokyaku_eigyoukisoku_bessi.pdf,Adjacent factual operating distance only; full official station-pair matrix is not redistributed.
Osaka Metro,長堀鶴見緑地線,玉造,森ノ宮,1.0,calculation_edge,https://subway.osakametro.co.jp/guide/libray/unsoyakan/ryokyaku_eigyoukisoku_bessi.pdf,Adjacent factual operating distance only; full official station-pair matrix is not redistributed.
Osaka Metro,長堀鶴見緑地線,森ノ宮,大阪ビジネスパーク,1.1,calculation_edge,https://subway.osakametro.co.jp/guide/libray/unsoyakan/ryokyaku_eigyoukisoku_bessi.pdf,Adjacent factual operating distance only; full official station-pair matrix is not redistributed.
Osaka Metro,長堀鶴見緑地線,大阪ビジネスパーク,京橋,0.7,calculation_edge,https://subway.osakametro.co.jp/guide/libray/unsoyakan/ryokyaku_eigyoukisoku_bessi.pdf,Adjacent factual operating distance only; full official station-pair matrix is not redistributed.
Osaka Metro,長堀鶴見緑地線,京橋,蒲生四丁目,1.7,calculation_edge,https://subway.osakametro.co.jp/guide/libray/unsoyakan/ryokyaku_eigyoukisoku_bessi.pdf,Adjacent factual operating distance only; full official station-pair matrix is not redistributed.
Osaka Metro,長堀鶴見緑地線,蒲生四丁目,今福鶴見,1.2,calculation_edge,https://subway.osakametro.co.jp/guide/libray/unsoyakan/ryokyaku_eigyoukisoku_bessi.pdf,Adjacent factual operating distance only; full official station-pair matrix is not redistributed.
Osaka Metro,長堀鶴見緑地線,今福鶴見,横堤,1.1,calculation_edge,https://subway.osakametro.co.jp/guide/libray/unsoyakan/ryokyaku_eigyoukisoku_bessi.pdf,Adjacent factual operating distance only; full official station-pair matrix is not redistributed.
Osaka Metro,長堀鶴見緑地線,横堤,鶴見緑地,1.2,calculation_edge,https://subway.osakametro.co.jp/guide/libray/unsoyakan/ryokyaku_eigyoukisoku_bessi.pdf,Adjacent factual operating distance only; full official station-pair matrix is not redistributed.
Osaka Metro,長堀鶴見緑地線,鶴見緑地,門真南,1.3,calculation_edge,https://subway.osakametro.co.jp/guide/libray/unsoyakan/ryokyaku_eigyoukisoku_bessi.pdf,Adjacent factual operating distance only; full official station-pair matrix is not redistributed.
Osaka Metro,今里筋線,井高野,瑞光四丁目,0.9,calculation_edge,https://subway.osakametro.co.jp/guide/libray/unsoyakan/ryokyaku_eigyoukisoku_bessi.pdf,Adjacent factual operating distance only; full official station-pair matrix is not redistributed.
Osaka Metro,今里筋線,瑞光四丁目,だいどう豊里,1.0,calculation_edge,https://subway.osakametro.co.jp/guide/libray/unsoyakan/ryokyaku_eigyoukisoku_bessi.pdf,Adjacent factual operating distance only; full official station-pair matrix is not redistributed.
Osaka Metro,今里筋線,だいどう豊里,太子橋今市,1.8,calculation_edge,https://subway.osakametro.co.jp/guide/libray/unsoyakan/ryokyaku_eigyoukisoku_bessi.pdf,Adjacent factual operating distance only; full official station-pair matrix is not redistributed.
Osaka Metro,今里筋線,太子橋今市,清水,1.2,calculation_edge,https://subway.osakametro.co.jp/guide/libray/unsoyakan/ryokyaku_eigyoukisoku_bessi.pdf,Adjacent factual operating distance only; full official station-pair matrix is not redistributed.
Osaka Metro,今里筋線,清水,新森古市,0.9,calculation_edge,https://subway.osakametro.co.jp/guide/libray/unsoyakan/ryokyaku_eigyoukisoku_bessi.pdf,Adjacent factual operating distance only; full official station-pair matrix is not redistributed.
Osaka Metro,今里筋線,新森古市,関目成育,1.3,calculation_edge,https://subway.osakametro.co.jp/guide/libray/unsoyakan/ryokyaku_eigyoukisoku_bessi.pdf,Adjacent factual operating distance only; full official station-pair matrix is not redistributed.
Osaka Metro,今里筋線,関目成育,蒲生四丁目,1.4,calculation_edge,https://subway.osakametro.co.jp/guide/libray/unsoyakan/ryokyaku_eigyoukisoku_bessi.pdf,Adjacent factual operating distance only; full official station-pair matrix is not redistributed.
Osaka Metro,今里筋線,蒲生四丁目,鴫野,0.9,calculation_edge,https://subway.osakametro.co.jp/guide/libray/unsoyakan/ryokyaku_eigyoukisoku_bessi.pdf,Adjacent factual operating distance only; full official station-pair matrix is not redistributed.
Osaka Metro,今里筋線,鴫野,緑橋,1.2,calculation_edge,https://subway.osakametro.co.jp/guide/libray/unsoyakan/ryokyaku_eigyoukisoku_bessi.pdf,Adjacent factual operating distance only; full official station-pair matrix is not redistributed.
Osaka Metro,今里筋線,緑橋,今里,1.3,calculation_edge,https://subway.osakametro.co.jp/guide/libray/unsoyakan/ryokyaku_eigyoukisoku_bessi.pdf,Adjacent factual operating distance only; full official station-pair matrix is not redistributed.
Osaka Metro,ニュートラム,住之江公園,平林,1.2,calculation_edge,https://subway.osakametro.co.jp/guide/libray/unsoyakan/ryokyaku_eigyoukisoku_bessi.pdf,Adjacent factual operating distance only; full official station-pair matrix is not redistributed.
Osaka Metro,ニュートラム,平林,南港口,1.3,calculation_edge,https://subway.osakametro.co.jp/guide/libray/unsoyakan/ryokyaku_eigyoukisoku_bessi.pdf,Adjacent factual operating distance only; full official station-pair matrix is not redistributed.
Osaka Metro,ニュートラム,南港口,南港東,0.6,calculation_edge,https://subway.osakametro.co.jp/guide/libray/unsoyakan/ryokyaku_eigyoukisoku_bessi.pdf,Adjacent factual operating distance only; full official station-pair matrix is not redistributed.
Osaka Metro,ニュートラム,南港東,フェリーターミナル,0.8,calculation_edge,https://subway.osakametro.co.jp/guide/libray/unsoyakan/ryokyaku_eigyoukisoku_bessi.pdf,Adjacent factual operating distance only; full official station-pair matrix is not redistributed.
Osaka Metro,ニュートラム,フェリーターミナル,ポートタウン東,1.5,calculation_edge,https://subway.osakametro.co.jp/guide/libray/unsoyakan/ryokyaku_eigyoukisoku_bessi.pdf,Adjacent factual operating distance only; full official station-pair matrix is not redistributed.
Osaka Metro,ニュートラム,ポートタウン東,ポートタウン西,0.5,calculation_edge,https://subway.osakametro.co.jp/guide/libray/unsoyakan/ryokyaku_eigyoukisoku_bessi.pdf,Adjacent factual operating distance only; full official station-pair matrix is not redistributed.
Osaka Metro,ニュートラム,ポートタウン西,中ふ頭,0.7,calculation_edge,https://subway.osakametro.co.jp/guide/libray/unsoyakan/ryokyaku_eigyoukisoku_bessi.pdf,Adjacent factual operating distance only; full official station-pair matrix is not redistributed.
Osaka Metro,ニュートラム,中ふ頭,トレードセンター前,0.7,calculation_edge,https://subway.osakametro.co.jp/guide/libray/unsoyakan/ryokyaku_eigyoukisoku_bessi.pdf,Adjacent factual operating distance only; full official station-pair matrix is not redistributed.
Osaka Metro,ニュートラム,トレードセンター前,コスモスクエア,0.6,calculation_edge,https://subway.osakametro.co.jp/guide/libray/unsoyakan/ryokyaku_eigyoukisoku_bessi.pdf,Adjacent factual operating distance only; full official station-pair matrix is not redistributed.
