operator,mode,covered_section,coverage_type,notes,source_url
Osaka Metro,rail,全線（夢洲駅を含む）,ALL,Base pass,https://subway.osakametro.co.jp/guide/fare/category_digital_tickets/digital_tickets/digital_joshaken.php
大阪シティバス,bus,全路線（一部特定路線除外）,ALL_EXCEPT_SPECIFIED,IKEA鶴浜行等の特定路線・オンデマンドバスは対象外,https://subway.osakametro.co.jp/guide/fare/category_digital_tickets/digital_tickets/digital_joshaken.php
阪急電鉄,rail,大阪梅田～神崎川・三国・相川,PARTIAL,Base pass,https://subway.osakametro.co.jp/guide/fare/category_digital_tickets/digital_tickets/digital_joshaken.php
阪急電鉄,rail,天神橋筋六丁目～下新庄,PARTIAL,Base pass,https://subway.osakametro.co.jp/guide/fare/category_digital_tickets/digital_tickets/digital_joshaken.php
阪神電鉄,rail,大阪梅田～尼崎,PARTIAL,Base pass,https://subway.osakametro.co.jp/guide/fare/category_digital_tickets/digital_tickets/digital_joshaken.php
阪神電鉄,rail,大阪難波～尼崎,PARTIAL,Base pass,https://subway.osakametro.co.jp/guide/fare/category_digital_tickets/digital_tickets/digital_joshaken.php
南海電鉄,rail,難波～堺,PARTIAL,Base pass,https://subway.osakametro.co.jp/guide/fare/category_digital_tickets/digital_tickets/digital_joshaken.php
南海電鉄,rail,難波～中百舌鳥,PARTIAL,Base pass,https://subway.osakametro.co.jp/guide/fare/category_digital_tickets/digital_tickets/digital_joshaken.php
京阪電鉄,rail,淀屋橋～千林,PARTIAL,Base pass,https://subway.osakametro.co.jp/guide/fare/category_digital_tickets/digital_tickets/digital_joshaken.php
京阪電鉄,rail,中之島～天満橋,PARTIAL,Base pass,https://subway.osakametro.co.jp/guide/fare/category_digital_tickets/digital_tickets/digital_joshaken.php
近鉄,rail,大阪難波～今里,PARTIAL,Base pass,https://subway.osakametro.co.jp/guide/fare/category_digital_tickets/digital_tickets/digital_joshaken.php
近鉄,rail,大阪阿部野橋～矢田,PARTIAL,Base pass,https://subway.osakametro.co.jp/guide/fare/category_digital_tickets/digital_tickets/digital_joshaken.php
