operator,origin,destination,distance_km,fare_distance_km,base_fare_yen,surcharge_yen,adult_fare_yen,calculation_path,exception_rule,fare_source_url,source_quality
京阪電鉄,なにわ橋,中之島,2.0,2,180,60,240,なにわ橋>大江橋>渡辺橋>中之島,normal_distance_fare;中之島線加算+60,https://www.mlit.go.jp/common/001879895.pdf|https://ja.wikipedia.org/wiki/%E4%BA%AC%E9%98%AA%E6%9C%AC%E7%B7%9A|https://ja.wikipedia.org/wiki/%E4%BA%AC%E9%98%AA%E4%B8%AD%E4%B9%8B%E5%B3%B6%E7%B7%9A,independently_calculated_open_sources
京阪電鉄,なにわ橋,京橋,2.7,3,180,0,180,なにわ橋>天満橋>京橋,なにわ橋→北浜 fare-equivalence,https://www.mlit.go.jp/common/001879895.pdf|https://ja.wikipedia.org/wiki/%E4%BA%AC%E9%98%AA%E6%9C%AC%E7%B7%9A|https://ja.wikipedia.org/wiki/%E4%BA%AC%E9%98%AA%E4%B8%AD%E4%B9%8B%E5%B3%B6%E7%B7%9A,independently_calculated_open_sources
京阪電鉄,なにわ橋,北浜,1.8,2,180,0,180,なにわ橋>天満橋>北浜,normal_distance_fare,https://www.mlit.go.jp/common/001879895.pdf|https://ja.wikipedia.org/wiki/%E4%BA%AC%E9%98%AA%E6%9C%AC%E7%B7%9A|https://ja.wikipedia.org/wiki/%E4%BA%AC%E9%98%AA%E4%B8%AD%E4%B9%8B%E5%B3%B6%E7%B7%9A,independently_calculated_open_sources
京阪電鉄,なにわ橋,千林,6.5,7,240,0,240,なにわ橋>天満橋>京橋>野江>関目>森小路>千林,なにわ橋→北浜 fare-equivalence,https://www.mlit.go.jp/common/001879895.pdf|https://ja.wikipedia.org/wiki/%E4%BA%AC%E9%98%AA%E6%9C%AC%E7%B7%9A|https://ja.wikipedia.org/wiki/%E4%BA%AC%E9%98%AA%E4%B8%AD%E4%B9%8B%E5%B3%B6%E7%B7%9A,independently_calculated_open_sources
京阪電鉄,なにわ橋,大江橋,0.6,1,180,0,180,なにわ橋>大江橋,normal_distance_fare,https://www.mlit.go.jp/common/001879895.pdf|https://ja.wikipedia.org/wiki/%E4%BA%AC%E9%98%AA%E6%9C%AC%E7%B7%9A|https://ja.wikipedia.org/wiki/%E4%BA%AC%E9%98%AA%E4%B8%AD%E4%B9%8B%E5%B3%B6%E7%B7%9A,independently_calculated_open_sources
京阪電鉄,なにわ橋,天満橋,1.0,1,180,0,180,なにわ橋>天満橋,なにわ橋→北浜 fare-equivalence,https://www.mlit.go.jp/common/001879895.pdf|https://ja.wikipedia.org/wiki/%E4%BA%AC%E9%98%AA%E6%9C%AC%E7%B7%9A|https://ja.wikipedia.org/wiki/%E4%BA%AC%E9%98%AA%E4%B8%AD%E4%B9%8B%E5%B3%B6%E7%B7%9A,independently_calculated_open_sources
京阪電鉄,なにわ橋,森小路,5.9,6,240,0,240,なにわ橋>天満橋>京橋>野江>関目>森小路,なにわ橋→北浜 fare-equivalence,https://www.mlit.go.jp/common/001879895.pdf|https://ja.wikipedia.org/wiki/%E4%BA%AC%E9%98%AA%E6%9C%AC%E7%B7%9A|https://ja.wikipedia.org/wiki/%E4%BA%AC%E9%98%AA%E4%B8%AD%E4%B9%8B%E5%B3%B6%E7%B7%9A,independently_calculated_open_sources
京阪電鉄,なにわ橋,淀屋橋,2.3,3,180,0,180,なにわ橋>天満橋>北浜>淀屋橋,normal_distance_fare,https://www.mlit.go.jp/common/001879895.pdf|https://ja.wikipedia.org/wiki/%E4%BA%AC%E9%98%AA%E6%9C%AC%E7%B7%9A|https://ja.wikipedia.org/wiki/%E4%BA%AC%E9%98%AA%E4%B8%AD%E4%B9%8B%E5%B3%B6%E7%B7%9A,independently_calculated_open_sources
京阪電鉄,なにわ橋,渡辺橋,1.1,2,180,60,240,なにわ橋>大江橋>渡辺橋,normal_distance_fare;中之島線加算+60,https://www.mlit.go.jp/common/001879895.pdf|https://ja.wikipedia.org/wiki/%E4%BA%AC%E9%98%AA%E6%9C%AC%E7%B7%9A|https://ja.wikipedia.org/wiki/%E4%BA%AC%E9%98%AA%E4%B8%AD%E4%B9%8B%E5%B3%B6%E7%B7%9A,independently_calculated_open_sources
京阪電鉄,なにわ橋,野江,4.3,5,240,0,240,なにわ橋>天満橋>京橋>野江,なにわ橋→北浜 fare-equivalence,https://www.mlit.go.jp/common/001879895.pdf|https://ja.wikipedia.org/wiki/%E4%BA%AC%E9%98%AA%E6%9C%AC%E7%B7%9A|https://ja.wikipedia.org/wiki/%E4%BA%AC%E9%98%AA%E4%B8%AD%E4%B9%8B%E5%B3%B6%E7%B7%9A,independently_calculated_open_sources
京阪電鉄,なにわ橋,関目,5.0,5,240,0,240,なにわ橋>天満橋>京橋>野江>関目,なにわ橋→北浜 fare-equivalence,https://www.mlit.go.jp/common/001879895.pdf|https://ja.wikipedia.org/wiki/%E4%BA%AC%E9%98%AA%E6%9C%AC%E7%B7%9A|https://ja.wikipedia.org/wiki/%E4%BA%AC%E9%98%AA%E4%B8%AD%E4%B9%8B%E5%B3%B6%E7%B7%9A,independently_calculated_open_sources
京阪電鉄,中之島,京橋,4.7,5,240,60,300,中之島>渡辺橋>大江橋>なにわ橋>天満橋>京橋,normal_distance_fare;中之島線加算+60,https://www.mlit.go.jp/common/001879895.pdf|https://ja.wikipedia.org/wiki/%E4%BA%AC%E9%98%AA%E6%9C%AC%E7%B7%9A|https://ja.wikipedia.org/wiki/%E4%BA%AC%E9%98%AA%E4%B8%AD%E4%B9%8B%E5%B3%B6%E7%B7%9A,independently_calculated_open_sources
京阪電鉄,中之島,北浜,3.8,4,240,60,300,中之島>渡辺橋>大江橋>なにわ橋>天満橋>北浜,normal_distance_fare;中之島線加算+60,https://www.mlit.go.jp/common/001879895.pdf|https://ja.wikipedia.org/wiki/%E4%BA%AC%E9%98%AA%E6%9C%AC%E7%B7%9A|https://ja.wikipedia.org/wiki/%E4%BA%AC%E9%98%AA%E4%B8%AD%E4%B9%8B%E5%B3%B6%E7%B7%9A,independently_calculated_open_sources
京阪電鉄,中之島,千林,8.5,9,320,60,380,中之島>渡辺橋>大江橋>なにわ橋>天満橋>京橋>野江>関目>森小路>千林,normal_distance_fare;中之島線加算+60,https://www.mlit.go.jp/common/001879895.pdf|https://ja.wikipedia.org/wiki/%E4%BA%AC%E9%98%AA%E6%9C%AC%E7%B7%9A|https://ja.wikipedia.org/wiki/%E4%BA%AC%E9%98%AA%E4%B8%AD%E4%B9%8B%E5%B3%B6%E7%B7%9A,independently_calculated_open_sources
京阪電鉄,中之島,大江橋,1.4,2,180,60,240,中之島>渡辺橋>大江橋,normal_distance_fare;中之島線加算+60,https://www.mlit.go.jp/common/001879895.pdf|https://ja.wikipedia.org/wiki/%E4%BA%AC%E9%98%AA%E6%9C%AC%E7%B7%9A|https://ja.wikipedia.org/wiki/%E4%BA%AC%E9%98%AA%E4%B8%AD%E4%B9%8B%E5%B3%B6%E7%B7%9A,independently_calculated_open_sources
京阪電鉄,中之島,天満橋,3.0,3,180,60,240,中之島>渡辺橋>大江橋>なにわ橋>天満橋,normal_distance_fare;中之島線加算+60,https://www.mlit.go.jp/common/001879895.pdf|https://ja.wikipedia.org/wiki/%E4%BA%AC%E9%98%AA%E6%9C%AC%E7%B7%9A|https://ja.wikipedia.org/wiki/%E4%BA%AC%E9%98%AA%E4%B8%AD%E4%B9%8B%E5%B3%B6%E7%B7%9A,independently_calculated_open_sources
京阪電鉄,中之島,森小路,7.9,8,320,60,380,中之島>渡辺橋>大江橋>なにわ橋>天満橋>京橋>野江>関目>森小路,normal_distance_fare;中之島線加算+60,https://www.mlit.go.jp/common/001879895.pdf|https://ja.wikipedia.org/wiki/%E4%BA%AC%E9%98%AA%E6%9C%AC%E7%B7%9A|https://ja.wikipedia.org/wiki/%E4%BA%AC%E9%98%AA%E4%B8%AD%E4%B9%8B%E5%B3%B6%E7%B7%9A,independently_calculated_open_sources
京阪電鉄,中之島,淀屋橋,4.3,5,240,60,300,中之島>渡辺橋>大江橋>なにわ橋>天満橋>北浜>淀屋橋,normal_distance_fare;中之島線加算+60,https://www.mlit.go.jp/common/001879895.pdf|https://ja.wikipedia.org/wiki/%E4%BA%AC%E9%98%AA%E6%9C%AC%E7%B7%9A|https://ja.wikipedia.org/wiki/%E4%BA%AC%E9%98%AA%E4%B8%AD%E4%B9%8B%E5%B3%B6%E7%B7%9A,independently_calculated_open_sources
京阪電鉄,中之島,渡辺橋,0.9,1,180,60,240,中之島>渡辺橋,normal_distance_fare;中之島線加算+60,https://www.mlit.go.jp/common/001879895.pdf|https://ja.wikipedia.org/wiki/%E4%BA%AC%E9%98%AA%E6%9C%AC%E7%B7%9A|https://ja.wikipedia.org/wiki/%E4%BA%AC%E9%98%AA%E4%B8%AD%E4%B9%8B%E5%B3%B6%E7%B7%9A,independently_calculated_open_sources
京阪電鉄,中之島,野江,6.3,7,240,60,300,中之島>渡辺橋>大江橋>なにわ橋>天満橋>京橋>野江,normal_distance_fare;中之島線加算+60,https://www.mlit.go.jp/common/001879895.pdf|https://ja.wikipedia.org/wiki/%E4%BA%AC%E9%98%AA%E6%9C%AC%E7%B7%9A|https://ja.wikipedia.org/wiki/%E4%BA%AC%E9%98%AA%E4%B8%AD%E4%B9%8B%E5%B3%B6%E7%B7%9A,independently_calculated_open_sources
京阪電鉄,中之島,関目,7.0,7,240,60,300,中之島>渡辺橋>大江橋>なにわ橋>天満橋>京橋>野江>関目,normal_distance_fare;中之島線加算+60,https://www.mlit.go.jp/common/001879895.pdf|https://ja.wikipedia.org/wiki/%E4%BA%AC%E9%98%AA%E6%9C%AC%E7%B7%9A|https://ja.wikipedia.org/wiki/%E4%BA%AC%E9%98%AA%E4%B8%AD%E4%B9%8B%E5%B3%B6%E7%B7%9A,independently_calculated_open_sources
京阪電鉄,京橋,北浜,2.5,3,180,0,180,京橋>天満橋>北浜,normal_distance_fare,https://www.mlit.go.jp/common/001879895.pdf|https://ja.wikipedia.org/wiki/%E4%BA%AC%E9%98%AA%E6%9C%AC%E7%B7%9A|https://ja.wikipedia.org/wiki/%E4%BA%AC%E9%98%AA%E4%B8%AD%E4%B9%8B%E5%B3%B6%E7%B7%9A,independently_calculated_open_sources
京阪電鉄,京橋,千林,3.8,4,240,0,240,京橋>野江>関目>森小路>千林,normal_distance_fare,https://www.mlit.go.jp/common/001879895.pdf|https://ja.wikipedia.org/wiki/%E4%BA%AC%E9%98%AA%E6%9C%AC%E7%B7%9A|https://ja.wikipedia.org/wiki/%E4%BA%AC%E9%98%AA%E4%B8%AD%E4%B9%8B%E5%B3%B6%E7%B7%9A,independently_calculated_open_sources
京阪電鉄,京橋,大江橋,3.3,3,180,0,180,京橋>天満橋>なにわ橋>大江橋,大江橋→淀屋橋 fare-equivalence,https://www.mlit.go.jp/common/001879895.pdf|https://ja.wikipedia.org/wiki/%E4%BA%AC%E9%98%AA%E6%9C%AC%E7%B7%9A|https://ja.wikipedia.org/wiki/%E4%BA%AC%E9%98%AA%E4%B8%AD%E4%B9%8B%E5%B3%B6%E7%B7%9A,independently_calculated_open_sources
京阪電鉄,京橋,天満橋,1.7,2,180,0,180,京橋>天満橋,normal_distance_fare,https://www.mlit.go.jp/common/001879895.pdf|https://ja.wikipedia.org/wiki/%E4%BA%AC%E9%98%AA%E6%9C%AC%E7%B7%9A|https://ja.wikipedia.org/wiki/%E4%BA%AC%E9%98%AA%E4%B8%AD%E4%B9%8B%E5%B3%B6%E7%B7%9A,independently_calculated_open_sources
京阪電鉄,京橋,森小路,3.2,4,240,0,240,京橋>野江>関目>森小路,normal_distance_fare,https://www.mlit.go.jp/common/001879895.pdf|https://ja.wikipedia.org/wiki/%E4%BA%AC%E9%98%AA%E6%9C%AC%E7%B7%9A|https://ja.wikipedia.org/wiki/%E4%BA%AC%E9%98%AA%E4%B8%AD%E4%B9%8B%E5%B3%B6%E7%B7%9A,independently_calculated_open_sources
京阪電鉄,京橋,淀屋橋,3.0,3,180,0,180,京橋>天満橋>北浜>淀屋橋,normal_distance_fare,https://www.mlit.go.jp/common/001879895.pdf|https://ja.wikipedia.org/wiki/%E4%BA%AC%E9%98%AA%E6%9C%AC%E7%B7%9A|https://ja.wikipedia.org/wiki/%E4%BA%AC%E9%98%AA%E4%B8%AD%E4%B9%8B%E5%B3%B6%E7%B7%9A,independently_calculated_open_sources
京阪電鉄,京橋,渡辺橋,3.8,4,240,60,300,京橋>天満橋>なにわ橋>大江橋>渡辺橋,normal_distance_fare;中之島線加算+60,https://www.mlit.go.jp/common/001879895.pdf|https://ja.wikipedia.org/wiki/%E4%BA%AC%E9%98%AA%E6%9C%AC%E7%B7%9A|https://ja.wikipedia.org/wiki/%E4%BA%AC%E9%98%AA%E4%B8%AD%E4%B9%8B%E5%B3%B6%E7%B7%9A,independently_calculated_open_sources
京阪電鉄,京橋,野江,1.6,2,180,0,180,京橋>野江,normal_distance_fare,https://www.mlit.go.jp/common/001879895.pdf|https://ja.wikipedia.org/wiki/%E4%BA%AC%E9%98%AA%E6%9C%AC%E7%B7%9A|https://ja.wikipedia.org/wiki/%E4%BA%AC%E9%98%AA%E4%B8%AD%E4%B9%8B%E5%B3%B6%E7%B7%9A,independently_calculated_open_sources
京阪電鉄,京橋,関目,2.3,3,180,0,180,京橋>野江>関目,normal_distance_fare,https://www.mlit.go.jp/common/001879895.pdf|https://ja.wikipedia.org/wiki/%E4%BA%AC%E9%98%AA%E6%9C%AC%E7%B7%9A|https://ja.wikipedia.org/wiki/%E4%BA%AC%E9%98%AA%E4%B8%AD%E4%B9%8B%E5%B3%B6%E7%B7%9A,independently_calculated_open_sources
京阪電鉄,北浜,千林,6.3,7,240,0,240,北浜>天満橋>京橋>野江>関目>森小路>千林,normal_distance_fare,https://www.mlit.go.jp/common/001879895.pdf|https://ja.wikipedia.org/wiki/%E4%BA%AC%E9%98%AA%E6%9C%AC%E7%B7%9A|https://ja.wikipedia.org/wiki/%E4%BA%AC%E9%98%AA%E4%B8%AD%E4%B9%8B%E5%B3%B6%E7%B7%9A,independently_calculated_open_sources
京阪電鉄,北浜,大江橋,2.4,3,180,0,180,北浜>天満橋>なにわ橋>大江橋,normal_distance_fare,https://www.mlit.go.jp/common/001879895.pdf|https://ja.wikipedia.org/wiki/%E4%BA%AC%E9%98%AA%E6%9C%AC%E7%B7%9A|https://ja.wikipedia.org/wiki/%E4%BA%AC%E9%98%AA%E4%B8%AD%E4%B9%8B%E5%B3%B6%E7%B7%9A,independently_calculated_open_sources
京阪電鉄,北浜,天満橋,0.8,1,180,0,180,北浜>天満橋,normal_distance_fare,https://www.mlit.go.jp/common/001879895.pdf|https://ja.wikipedia.org/wiki/%E4%BA%AC%E9%98%AA%E6%9C%AC%E7%B7%9A|https://ja.wikipedia.org/wiki/%E4%BA%AC%E9%98%AA%E4%B8%AD%E4%B9%8B%E5%B3%B6%E7%B7%9A,independently_calculated_open_sources
京阪電鉄,北浜,森小路,5.7,6,240,0,240,北浜>天満橋>京橋>野江>関目>森小路,normal_distance_fare,https://www.mlit.go.jp/common/001879895.pdf|https://ja.wikipedia.org/wiki/%E4%BA%AC%E9%98%AA%E6%9C%AC%E7%B7%9A|https://ja.wikipedia.org/wiki/%E4%BA%AC%E9%98%AA%E4%B8%AD%E4%B9%8B%E5%B3%B6%E7%B7%9A,independently_calculated_open_sources
京阪電鉄,北浜,淀屋橋,0.5,1,180,0,180,北浜>淀屋橋,normal_distance_fare,https://www.mlit.go.jp/common/001879895.pdf|https://ja.wikipedia.org/wiki/%E4%BA%AC%E9%98%AA%E6%9C%AC%E7%B7%9A|https://ja.wikipedia.org/wiki/%E4%BA%AC%E9%98%AA%E4%B8%AD%E4%B9%8B%E5%B3%B6%E7%B7%9A,independently_calculated_open_sources
京阪電鉄,北浜,渡辺橋,2.9,3,180,60,240,北浜>天満橋>なにわ橋>大江橋>渡辺橋,normal_distance_fare;中之島線加算+60,https://www.mlit.go.jp/common/001879895.pdf|https://ja.wikipedia.org/wiki/%E4%BA%AC%E9%98%AA%E6%9C%AC%E7%B7%9A|https://ja.wikipedia.org/wiki/%E4%BA%AC%E9%98%AA%E4%B8%AD%E4%B9%8B%E5%B3%B6%E7%B7%9A,independently_calculated_open_sources
京阪電鉄,北浜,野江,4.1,5,240,0,240,北浜>天満橋>京橋>野江,normal_distance_fare,https://www.mlit.go.jp/common/001879895.pdf|https://ja.wikipedia.org/wiki/%E4%BA%AC%E9%98%AA%E6%9C%AC%E7%B7%9A|https://ja.wikipedia.org/wiki/%E4%BA%AC%E9%98%AA%E4%B8%AD%E4%B9%8B%E5%B3%B6%E7%B7%9A,independently_calculated_open_sources
京阪電鉄,北浜,関目,4.8,5,240,0,240,北浜>天満橋>京橋>野江>関目,normal_distance_fare,https://www.mlit.go.jp/common/001879895.pdf|https://ja.wikipedia.org/wiki/%E4%BA%AC%E9%98%AA%E6%9C%AC%E7%B7%9A|https://ja.wikipedia.org/wiki/%E4%BA%AC%E9%98%AA%E4%B8%AD%E4%B9%8B%E5%B3%B6%E7%B7%9A,independently_calculated_open_sources
京阪電鉄,千林,大江橋,7.1,7,240,0,240,千林>森小路>関目>野江>京橋>天満橋>なにわ橋>大江橋,大江橋→淀屋橋 fare-equivalence,https://www.mlit.go.jp/common/001879895.pdf|https://ja.wikipedia.org/wiki/%E4%BA%AC%E9%98%AA%E6%9C%AC%E7%B7%9A|https://ja.wikipedia.org/wiki/%E4%BA%AC%E9%98%AA%E4%B8%AD%E4%B9%8B%E5%B3%B6%E7%B7%9A,independently_calculated_open_sources
京阪電鉄,千林,天満橋,5.5,6,240,0,240,千林>森小路>関目>野江>京橋>天満橋,normal_distance_fare,https://www.mlit.go.jp/common/001879895.pdf|https://ja.wikipedia.org/wiki/%E4%BA%AC%E9%98%AA%E6%9C%AC%E7%B7%9A|https://ja.wikipedia.org/wiki/%E4%BA%AC%E9%98%AA%E4%B8%AD%E4%B9%8B%E5%B3%B6%E7%B7%9A,independently_calculated_open_sources
京阪電鉄,千林,森小路,0.6,1,180,0,180,千林>森小路,normal_distance_fare,https://www.mlit.go.jp/common/001879895.pdf|https://ja.wikipedia.org/wiki/%E4%BA%AC%E9%98%AA%E6%9C%AC%E7%B7%9A|https://ja.wikipedia.org/wiki/%E4%BA%AC%E9%98%AA%E4%B8%AD%E4%B9%8B%E5%B3%B6%E7%B7%9A,independently_calculated_open_sources
京阪電鉄,千林,淀屋橋,6.8,7,240,0,240,千林>森小路>関目>野江>京橋>天満橋>北浜>淀屋橋,normal_distance_fare,https://www.mlit.go.jp/common/001879895.pdf|https://ja.wikipedia.org/wiki/%E4%BA%AC%E9%98%AA%E6%9C%AC%E7%B7%9A|https://ja.wikipedia.org/wiki/%E4%BA%AC%E9%98%AA%E4%B8%AD%E4%B9%8B%E5%B3%B6%E7%B7%9A,independently_calculated_open_sources
京阪電鉄,千林,渡辺橋,7.6,8,320,60,380,千林>森小路>関目>野江>京橋>天満橋>なにわ橋>大江橋>渡辺橋,normal_distance_fare;中之島線加算+60,https://www.mlit.go.jp/common/001879895.pdf|https://ja.wikipedia.org/wiki/%E4%BA%AC%E9%98%AA%E6%9C%AC%E7%B7%9A|https://ja.wikipedia.org/wiki/%E4%BA%AC%E9%98%AA%E4%B8%AD%E4%B9%8B%E5%B3%B6%E7%B7%9A,independently_calculated_open_sources
京阪電鉄,千林,野江,2.2,3,180,0,180,千林>森小路>関目>野江,normal_distance_fare,https://www.mlit.go.jp/common/001879895.pdf|https://ja.wikipedia.org/wiki/%E4%BA%AC%E9%98%AA%E6%9C%AC%E7%B7%9A|https://ja.wikipedia.org/wiki/%E4%BA%AC%E9%98%AA%E4%B8%AD%E4%B9%8B%E5%B3%B6%E7%B7%9A,independently_calculated_open_sources
京阪電鉄,千林,関目,1.5,2,180,0,180,千林>森小路>関目,normal_distance_fare,https://www.mlit.go.jp/common/001879895.pdf|https://ja.wikipedia.org/wiki/%E4%BA%AC%E9%98%AA%E6%9C%AC%E7%B7%9A|https://ja.wikipedia.org/wiki/%E4%BA%AC%E9%98%AA%E4%B8%AD%E4%B9%8B%E5%B3%B6%E7%B7%9A,independently_calculated_open_sources
京阪電鉄,大江橋,天満橋,1.6,2,180,0,180,大江橋>なにわ橋>天満橋,大江橋→淀屋橋 fare-equivalence,https://www.mlit.go.jp/common/001879895.pdf|https://ja.wikipedia.org/wiki/%E4%BA%AC%E9%98%AA%E6%9C%AC%E7%B7%9A|https://ja.wikipedia.org/wiki/%E4%BA%AC%E9%98%AA%E4%B8%AD%E4%B9%8B%E5%B3%B6%E7%B7%9A,independently_calculated_open_sources
京阪電鉄,大江橋,森小路,6.5,7,240,0,240,大江橋>なにわ橋>天満橋>京橋>野江>関目>森小路,大江橋→淀屋橋 fare-equivalence,https://www.mlit.go.jp/common/001879895.pdf|https://ja.wikipedia.org/wiki/%E4%BA%AC%E9%98%AA%E6%9C%AC%E7%B7%9A|https://ja.wikipedia.org/wiki/%E4%BA%AC%E9%98%AA%E4%B8%AD%E4%B9%8B%E5%B3%B6%E7%B7%9A,independently_calculated_open_sources
京阪電鉄,大江橋,淀屋橋,2.9,3,180,0,180,大江橋>なにわ橋>天満橋>北浜>淀屋橋,normal_distance_fare,https://www.mlit.go.jp/common/001879895.pdf|https://ja.wikipedia.org/wiki/%E4%BA%AC%E9%98%AA%E6%9C%AC%E7%B7%9A|https://ja.wikipedia.org/wiki/%E4%BA%AC%E9%98%AA%E4%B8%AD%E4%B9%8B%E5%B3%B6%E7%B7%9A,independently_calculated_open_sources
京阪電鉄,大江橋,渡辺橋,0.5,1,180,60,240,大江橋>渡辺橋,normal_distance_fare;中之島線加算+60,https://www.mlit.go.jp/common/001879895.pdf|https://ja.wikipedia.org/wiki/%E4%BA%AC%E9%98%AA%E6%9C%AC%E7%B7%9A|https://ja.wikipedia.org/wiki/%E4%BA%AC%E9%98%AA%E4%B8%AD%E4%B9%8B%E5%B3%B6%E7%B7%9A,independently_calculated_open_sources
京阪電鉄,大江橋,野江,4.9,5,240,0,240,大江橋>なにわ橋>天満橋>京橋>野江,大江橋→淀屋橋 fare-equivalence,https://www.mlit.go.jp/common/001879895.pdf|https://ja.wikipedia.org/wiki/%E4%BA%AC%E9%98%AA%E6%9C%AC%E7%B7%9A|https://ja.wikipedia.org/wiki/%E4%BA%AC%E9%98%AA%E4%B8%AD%E4%B9%8B%E5%B3%B6%E7%B7%9A,independently_calculated_open_sources
京阪電鉄,大江橋,関目,5.6,6,240,0,240,大江橋>なにわ橋>天満橋>京橋>野江>関目,大江橋→淀屋橋 fare-equivalence,https://www.mlit.go.jp/common/001879895.pdf|https://ja.wikipedia.org/wiki/%E4%BA%AC%E9%98%AA%E6%9C%AC%E7%B7%9A|https://ja.wikipedia.org/wiki/%E4%BA%AC%E9%98%AA%E4%B8%AD%E4%B9%8B%E5%B3%B6%E7%B7%9A,independently_calculated_open_sources
京阪電鉄,天満橋,森小路,4.9,5,240,0,240,天満橋>京橋>野江>関目>森小路,normal_distance_fare,https://www.mlit.go.jp/common/001879895.pdf|https://ja.wikipedia.org/wiki/%E4%BA%AC%E9%98%AA%E6%9C%AC%E7%B7%9A|https://ja.wikipedia.org/wiki/%E4%BA%AC%E9%98%AA%E4%B8%AD%E4%B9%8B%E5%B3%B6%E7%B7%9A,independently_calculated_open_sources
京阪電鉄,天満橋,淀屋橋,1.3,2,180,0,180,天満橋>北浜>淀屋橋,normal_distance_fare,https://www.mlit.go.jp/common/001879895.pdf|https://ja.wikipedia.org/wiki/%E4%BA%AC%E9%98%AA%E6%9C%AC%E7%B7%9A|https://ja.wikipedia.org/wiki/%E4%BA%AC%E9%98%AA%E4%B8%AD%E4%B9%8B%E5%B3%B6%E7%B7%9A,independently_calculated_open_sources
京阪電鉄,天満橋,渡辺橋,2.1,3,180,60,240,天満橋>なにわ橋>大江橋>渡辺橋,normal_distance_fare;中之島線加算+60,https://www.mlit.go.jp/common/001879895.pdf|https://ja.wikipedia.org/wiki/%E4%BA%AC%E9%98%AA%E6%9C%AC%E7%B7%9A|https://ja.wikipedia.org/wiki/%E4%BA%AC%E9%98%AA%E4%B8%AD%E4%B9%8B%E5%B3%B6%E7%B7%9A,independently_calculated_open_sources
京阪電鉄,天満橋,野江,3.3,4,240,0,240,天満橋>京橋>野江,normal_distance_fare,https://www.mlit.go.jp/common/001879895.pdf|https://ja.wikipedia.org/wiki/%E4%BA%AC%E9%98%AA%E6%9C%AC%E7%B7%9A|https://ja.wikipedia.org/wiki/%E4%BA%AC%E9%98%AA%E4%B8%AD%E4%B9%8B%E5%B3%B6%E7%B7%9A,independently_calculated_open_sources
京阪電鉄,天満橋,関目,4.0,4,240,0,240,天満橋>京橋>野江>関目,normal_distance_fare,https://www.mlit.go.jp/common/001879895.pdf|https://ja.wikipedia.org/wiki/%E4%BA%AC%E9%98%AA%E6%9C%AC%E7%B7%9A|https://ja.wikipedia.org/wiki/%E4%BA%AC%E9%98%AA%E4%B8%AD%E4%B9%8B%E5%B3%B6%E7%B7%9A,independently_calculated_open_sources
京阪電鉄,森小路,淀屋橋,6.2,7,240,0,240,森小路>関目>野江>京橋>天満橋>北浜>淀屋橋,normal_distance_fare,https://www.mlit.go.jp/common/001879895.pdf|https://ja.wikipedia.org/wiki/%E4%BA%AC%E9%98%AA%E6%9C%AC%E7%B7%9A|https://ja.wikipedia.org/wiki/%E4%BA%AC%E9%98%AA%E4%B8%AD%E4%B9%8B%E5%B3%B6%E7%B7%9A,independently_calculated_open_sources
京阪電鉄,森小路,渡辺橋,7.0,7,240,60,300,森小路>関目>野江>京橋>天満橋>なにわ橋>大江橋>渡辺橋,normal_distance_fare;中之島線加算+60,https://www.mlit.go.jp/common/001879895.pdf|https://ja.wikipedia.org/wiki/%E4%BA%AC%E9%98%AA%E6%9C%AC%E7%B7%9A|https://ja.wikipedia.org/wiki/%E4%BA%AC%E9%98%AA%E4%B8%AD%E4%B9%8B%E5%B3%B6%E7%B7%9A,independently_calculated_open_sources
京阪電鉄,森小路,野江,1.6,2,180,0,180,森小路>関目>野江,normal_distance_fare,https://www.mlit.go.jp/common/001879895.pdf|https://ja.wikipedia.org/wiki/%E4%BA%AC%E9%98%AA%E6%9C%AC%E7%B7%9A|https://ja.wikipedia.org/wiki/%E4%BA%AC%E9%98%AA%E4%B8%AD%E4%B9%8B%E5%B3%B6%E7%B7%9A,independently_calculated_open_sources
京阪電鉄,森小路,関目,0.9,1,180,0,180,森小路>関目,normal_distance_fare,https://www.mlit.go.jp/common/001879895.pdf|https://ja.wikipedia.org/wiki/%E4%BA%AC%E9%98%AA%E6%9C%AC%E7%B7%9A|https://ja.wikipedia.org/wiki/%E4%BA%AC%E9%98%AA%E4%B8%AD%E4%B9%8B%E5%B3%B6%E7%B7%9A,independently_calculated_open_sources
京阪電鉄,淀屋橋,渡辺橋,3.4,4,240,60,300,淀屋橋>北浜>天満橋>なにわ橋>大江橋>渡辺橋,normal_distance_fare;中之島線加算+60,https://www.mlit.go.jp/common/001879895.pdf|https://ja.wikipedia.org/wiki/%E4%BA%AC%E9%98%AA%E6%9C%AC%E7%B7%9A|https://ja.wikipedia.org/wiki/%E4%BA%AC%E9%98%AA%E4%B8%AD%E4%B9%8B%E5%B3%B6%E7%B7%9A,independently_calculated_open_sources
京阪電鉄,淀屋橋,野江,4.6,5,240,0,240,淀屋橋>北浜>天満橋>京橋>野江,normal_distance_fare,https://www.mlit.go.jp/common/001879895.pdf|https://ja.wikipedia.org/wiki/%E4%BA%AC%E9%98%AA%E6%9C%AC%E7%B7%9A|https://ja.wikipedia.org/wiki/%E4%BA%AC%E9%98%AA%E4%B8%AD%E4%B9%8B%E5%B3%B6%E7%B7%9A,independently_calculated_open_sources
京阪電鉄,淀屋橋,関目,5.3,6,240,0,240,淀屋橋>北浜>天満橋>京橋>野江>関目,normal_distance_fare,https://www.mlit.go.jp/common/001879895.pdf|https://ja.wikipedia.org/wiki/%E4%BA%AC%E9%98%AA%E6%9C%AC%E7%B7%9A|https://ja.wikipedia.org/wiki/%E4%BA%AC%E9%98%AA%E4%B8%AD%E4%B9%8B%E5%B3%B6%E7%B7%9A,independently_calculated_open_sources
京阪電鉄,渡辺橋,野江,5.4,6,240,60,300,渡辺橋>大江橋>なにわ橋>天満橋>京橋>野江,normal_distance_fare;中之島線加算+60,https://www.mlit.go.jp/common/001879895.pdf|https://ja.wikipedia.org/wiki/%E4%BA%AC%E9%98%AA%E6%9C%AC%E7%B7%9A|https://ja.wikipedia.org/wiki/%E4%BA%AC%E9%98%AA%E4%B8%AD%E4%B9%8B%E5%B3%B6%E7%B7%9A,independently_calculated_open_sources
京阪電鉄,渡辺橋,関目,6.1,7,240,60,300,渡辺橋>大江橋>なにわ橋>天満橋>京橋>野江>関目,normal_distance_fare;中之島線加算+60,https://www.mlit.go.jp/common/001879895.pdf|https://ja.wikipedia.org/wiki/%E4%BA%AC%E9%98%AA%E6%9C%AC%E7%B7%9A|https://ja.wikipedia.org/wiki/%E4%BA%AC%E9%98%AA%E4%B8%AD%E4%B9%8B%E5%B3%B6%E7%B7%9A,independently_calculated_open_sources
京阪電鉄,野江,関目,0.7,1,180,0,180,野江>関目,normal_distance_fare,https://www.mlit.go.jp/common/001879895.pdf|https://ja.wikipedia.org/wiki/%E4%BA%AC%E9%98%AA%E6%9C%AC%E7%B7%9A|https://ja.wikipedia.org/wiki/%E4%BA%AC%E9%98%AA%E4%B8%AD%E4%B9%8B%E5%B3%B6%E7%B7%9A,independently_calculated_open_sources
南海電鉄,七道,三国ヶ丘,12.2,13,370,0,370,七道>住ノ江>住吉大社>粉浜>岸里玉出>帝塚山>住吉東>沢ノ町>我孫子前>浅香山>堺東>三国ヶ丘,none,https://www.nankai.co.jp/lib/traffic/guide/pdf/kisoku/01_20250401.pdf,cross_checked
南海電鉄,七道,中百舌鳥,13.8,14,370,0,370,七道>住ノ江>住吉大社>粉浜>岸里玉出>帝塚山>住吉東>沢ノ町>我孫子前>浅香山>堺東>三国ヶ丘>百舌鳥八幡>中百舌鳥,none,https://www.nankai.co.jp/lib/traffic/guide/pdf/kisoku/01_20250401.pdf,cross_checked
南海電鉄,七道,今宮戎,7.3,8,290,0,290,七道>住ノ江>住吉大社>粉浜>岸里玉出>天下茶屋>新今宮>今宮戎,none,https://www.nankai.co.jp/lib/traffic/guide/pdf/kisoku/01_20250401.pdf,cross_checked
南海電鉄,七道,住ノ江,1.5,2,180,0,180,七道>住ノ江,none,https://www.nankai.co.jp/lib/traffic/guide/pdf/kisoku/01_20250401.pdf,cross_checked
南海電鉄,七道,住吉大社,2.5,3,180,0,180,七道>住ノ江>住吉大社,none,https://www.nankai.co.jp/lib/traffic/guide/pdf/kisoku/01_20250401.pdf,cross_checked
南海電鉄,七道,住吉東,6.3,7,240,0,240,七道>住ノ江>住吉大社>粉浜>岸里玉出>帝塚山>住吉東,none,https://www.nankai.co.jp/lib/traffic/guide/pdf/kisoku/01_20250401.pdf,cross_checked
南海電鉄,七道,堺,1.6,2,180,0,180,七道>堺,none,https://www.nankai.co.jp/lib/traffic/guide/pdf/kisoku/01_20250401.pdf,cross_checked
南海電鉄,七道,堺東,10.7,11,290,0,290,七道>住ノ江>住吉大社>粉浜>岸里玉出>帝塚山>住吉東>沢ノ町>我孫子前>浅香山>堺東,none,https://www.nankai.co.jp/lib/traffic/guide/pdf/kisoku/01_20250401.pdf,cross_checked
南海電鉄,七道,天下茶屋,5.2,6,240,0,240,七道>住ノ江>住吉大社>粉浜>岸里玉出>天下茶屋,none,https://www.nankai.co.jp/lib/traffic/guide/pdf/kisoku/01_20250401.pdf,cross_checked
南海電鉄,七道,岸里玉出,4.3,5,240,0,240,七道>住ノ江>住吉大社>粉浜>岸里玉出,none,https://www.nankai.co.jp/lib/traffic/guide/pdf/kisoku/01_20250401.pdf,cross_checked
南海電鉄,七道,帝塚山,5.4,6,240,0,240,七道>住ノ江>住吉大社>粉浜>岸里玉出>帝塚山,none,https://www.nankai.co.jp/lib/traffic/guide/pdf/kisoku/01_20250401.pdf,cross_checked
南海電鉄,七道,我孫子前,7.8,8,290,0,290,七道>住ノ江>住吉大社>粉浜>岸里玉出>帝塚山>住吉東>沢ノ町>我孫子前,none,https://www.nankai.co.jp/lib/traffic/guide/pdf/kisoku/01_20250401.pdf,cross_checked
南海電鉄,七道,新今宮,6.8,7,240,0,240,七道>住ノ江>住吉大社>粉浜>岸里玉出>天下茶屋>新今宮,none,https://www.nankai.co.jp/lib/traffic/guide/pdf/kisoku/01_20250401.pdf,cross_checked
南海電鉄,七道,沢ノ町,7.2,8,290,0,290,七道>住ノ江>住吉大社>粉浜>岸里玉出>帝塚山>住吉東>沢ノ町,none,https://www.nankai.co.jp/lib/traffic/guide/pdf/kisoku/01_20250401.pdf,cross_checked
南海電鉄,七道,浅香山,9.1,10,290,0,290,七道>住ノ江>住吉大社>粉浜>岸里玉出>帝塚山>住吉東>沢ノ町>我孫子前>浅香山,none,https://www.nankai.co.jp/lib/traffic/guide/pdf/kisoku/01_20250401.pdf,cross_checked
南海電鉄,七道,百舌鳥八幡,13.1,14,370,0,370,七道>住ノ江>住吉大社>粉浜>岸里玉出>帝塚山>住吉東>沢ノ町>我孫子前>浅香山>堺東>三国ヶ丘>百舌鳥八幡,none,https://www.nankai.co.jp/lib/traffic/guide/pdf/kisoku/01_20250401.pdf,cross_checked
南海電鉄,七道,粉浜,3.1,4,240,0,240,七道>住ノ江>住吉大社>粉浜,none,https://www.nankai.co.jp/lib/traffic/guide/pdf/kisoku/01_20250401.pdf,cross_checked
南海電鉄,七道,萩ノ茶屋,6.2,7,240,0,240,七道>住ノ江>住吉大社>粉浜>岸里玉出>天下茶屋>萩ノ茶屋,none,https://www.nankai.co.jp/lib/traffic/guide/pdf/kisoku/01_20250401.pdf,cross_checked
南海電鉄,七道,難波,8.2,9,290,0,290,七道>住ノ江>住吉大社>粉浜>岸里玉出>天下茶屋>新今宮>難波,none,https://www.nankai.co.jp/lib/traffic/guide/pdf/kisoku/01_20250401.pdf,cross_checked
南海電鉄,三国ヶ丘,中百舌鳥,1.6,2,180,0,180,三国ヶ丘>百舌鳥八幡>中百舌鳥,none,https://www.nankai.co.jp/lib/traffic/guide/pdf/kisoku/01_20250401.pdf,cross_checked
南海電鉄,三国ヶ丘,今宮戎,10.9,11,290,0,290,三国ヶ丘>堺東>浅香山>我孫子前>沢ノ町>住吉東>帝塚山>岸里玉出>天下茶屋>新今宮>今宮戎,none,https://www.nankai.co.jp/lib/traffic/guide/pdf/kisoku/01_20250401.pdf,cross_checked
南海電鉄,三国ヶ丘,住ノ江,10.7,11,290,0,290,三国ヶ丘>堺東>浅香山>我孫子前>沢ノ町>住吉東>帝塚山>岸里玉出>粉浜>住吉大社>住ノ江,none,https://www.nankai.co.jp/lib/traffic/guide/pdf/kisoku/01_20250401.pdf,cross_checked
南海電鉄,三国ヶ丘,住吉大社,9.7,10,290,0,290,三国ヶ丘>堺東>浅香山>我孫子前>沢ノ町>住吉東>帝塚山>岸里玉出>粉浜>住吉大社,none,https://www.nankai.co.jp/lib/traffic/guide/pdf/kisoku/01_20250401.pdf,cross_checked
南海電鉄,三国ヶ丘,住吉東,5.9,6,240,0,240,三国ヶ丘>堺東>浅香山>我孫子前>沢ノ町>住吉東,none,https://www.nankai.co.jp/lib/traffic/guide/pdf/kisoku/01_20250401.pdf,cross_checked
南海電鉄,三国ヶ丘,堺,13.8,14,370,0,370,三国ヶ丘>堺東>浅香山>我孫子前>沢ノ町>住吉東>帝塚山>岸里玉出>粉浜>住吉大社>住ノ江>七道>堺,none,https://www.nankai.co.jp/lib/traffic/guide/pdf/kisoku/01_20250401.pdf,cross_checked
南海電鉄,三国ヶ丘,堺東,1.5,2,180,0,180,三国ヶ丘>堺東,none,https://www.nankai.co.jp/lib/traffic/guide/pdf/kisoku/01_20250401.pdf,cross_checked
南海電鉄,三国ヶ丘,天下茶屋,8.8,9,290,0,290,三国ヶ丘>堺東>浅香山>我孫子前>沢ノ町>住吉東>帝塚山>岸里玉出>天下茶屋,none,https://www.nankai.co.jp/lib/traffic/guide/pdf/kisoku/01_20250401.pdf,cross_checked
南海電鉄,三国ヶ丘,岸里玉出,7.9,8,290,0,290,三国ヶ丘>堺東>浅香山>我孫子前>沢ノ町>住吉東>帝塚山>岸里玉出,none,https://www.nankai.co.jp/lib/traffic/guide/pdf/kisoku/01_20250401.pdf,cross_checked
南海電鉄,三国ヶ丘,帝塚山,6.8,7,240,0,240,三国ヶ丘>堺東>浅香山>我孫子前>沢ノ町>住吉東>帝塚山,none,https://www.nankai.co.jp/lib/traffic/guide/pdf/kisoku/01_20250401.pdf,cross_checked
南海電鉄,三国ヶ丘,我孫子前,4.4,5,240,0,240,三国ヶ丘>堺東>浅香山>我孫子前,none,https://www.nankai.co.jp/lib/traffic/guide/pdf/kisoku/01_20250401.pdf,cross_checked
南海電鉄,三国ヶ丘,新今宮,10.4,11,290,0,290,三国ヶ丘>堺東>浅香山>我孫子前>沢ノ町>住吉東>帝塚山>岸里玉出>天下茶屋>新今宮,none,https://www.nankai.co.jp/lib/traffic/guide/pdf/kisoku/01_20250401.pdf,cross_checked
南海電鉄,三国ヶ丘,沢ノ町,5.0,5,240,0,240,三国ヶ丘>堺東>浅香山>我孫子前>沢ノ町,none,https://www.nankai.co.jp/lib/traffic/guide/pdf/kisoku/01_20250401.pdf,cross_checked
南海電鉄,三国ヶ丘,浅香山,3.1,4,240,0,240,三国ヶ丘>堺東>浅香山,none,https://www.nankai.co.jp/lib/traffic/guide/pdf/kisoku/01_20250401.pdf,cross_checked
南海電鉄,三国ヶ丘,百舌鳥八幡,0.9,1,180,0,180,三国ヶ丘>百舌鳥八幡,none,https://www.nankai.co.jp/lib/traffic/guide/pdf/kisoku/01_20250401.pdf,cross_checked
南海電鉄,三国ヶ丘,粉浜,9.1,10,290,0,290,三国ヶ丘>堺東>浅香山>我孫子前>沢ノ町>住吉東>帝塚山>岸里玉出>粉浜,none,https://www.nankai.co.jp/lib/traffic/guide/pdf/kisoku/01_20250401.pdf,cross_checked
南海電鉄,三国ヶ丘,萩ノ茶屋,9.8,10,290,0,290,三国ヶ丘>堺東>浅香山>我孫子前>沢ノ町>住吉東>帝塚山>岸里玉出>天下茶屋>萩ノ茶屋,none,https://www.nankai.co.jp/lib/traffic/guide/pdf/kisoku/01_20250401.pdf,cross_checked
南海電鉄,三国ヶ丘,難波,11.8,12,370,0,350,三国ヶ丘>堺東>浅香山>我孫子前>沢ノ町>住吉東>帝塚山>岸里玉出>天下茶屋>新今宮>難波,特定運賃350,https://www.nankai.co.jp/lib/traffic/guide/pdf/kisoku/01_20250401.pdf,cross_checked
南海電鉄,中百舌鳥,今宮戎,12.5,13,370,0,350,中百舌鳥>百舌鳥八幡>三国ヶ丘>堺東>浅香山>我孫子前>沢ノ町>住吉東>帝塚山>岸里玉出>天下茶屋>新今宮>今宮戎,特定運賃350,https://www.nankai.co.jp/lib/traffic/guide/pdf/kisoku/01_20250401.pdf,cross_checked
南海電鉄,中百舌鳥,住ノ江,12.3,13,370,0,370,中百舌鳥>百舌鳥八幡>三国ヶ丘>堺東>浅香山>我孫子前>沢ノ町>住吉東>帝塚山>岸里玉出>粉浜>住吉大社>住ノ江,none,https://www.nankai.co.jp/lib/traffic/guide/pdf/kisoku/01_20250401.pdf,cross_checked
南海電鉄,中百舌鳥,住吉大社,11.3,12,370,0,370,中百舌鳥>百舌鳥八幡>三国ヶ丘>堺東>浅香山>我孫子前>沢ノ町>住吉東>帝塚山>岸里玉出>粉浜>住吉大社,none,https://www.nankai.co.jp/lib/traffic/guide/pdf/kisoku/01_20250401.pdf,cross_checked
南海電鉄,中百舌鳥,住吉東,7.5,8,290,0,290,中百舌鳥>百舌鳥八幡>三国ヶ丘>堺東>浅香山>我孫子前>沢ノ町>住吉東,none,https://www.nankai.co.jp/lib/traffic/guide/pdf/kisoku/01_20250401.pdf,cross_checked
南海電鉄,中百舌鳥,堺,15.4,16,420,0,420,中百舌鳥>百舌鳥八幡>三国ヶ丘>堺東>浅香山>我孫子前>沢ノ町>住吉東>帝塚山>岸里玉出>粉浜>住吉大社>住ノ江>七道>堺,none,https://www.nankai.co.jp/lib/traffic/guide/pdf/kisoku/01_20250401.pdf,cross_checked
南海電鉄,中百舌鳥,堺東,3.1,4,240,0,240,中百舌鳥>百舌鳥八幡>三国ヶ丘>堺東,none,https://www.nankai.co.jp/lib/traffic/guide/pdf/kisoku/01_20250401.pdf,cross_checked
南海電鉄,中百舌鳥,天下茶屋,10.4,11,290,0,290,中百舌鳥>百舌鳥八幡>三国ヶ丘>堺東>浅香山>我孫子前>沢ノ町>住吉東>帝塚山>岸里玉出>天下茶屋,none,https://www.nankai.co.jp/lib/traffic/guide/pdf/kisoku/01_20250401.pdf,cross_checked
南海電鉄,中百舌鳥,岸里玉出,9.5,10,290,0,290,中百舌鳥>百舌鳥八幡>三国ヶ丘>堺東>浅香山>我孫子前>沢ノ町>住吉東>帝塚山>岸里玉出,none,https://www.nankai.co.jp/lib/traffic/guide/pdf/kisoku/01_20250401.pdf,cross_checked
南海電鉄,中百舌鳥,帝塚山,8.4,9,290,0,290,中百舌鳥>百舌鳥八幡>三国ヶ丘>堺東>浅香山>我孫子前>沢ノ町>住吉東>帝塚山,none,https://www.nankai.co.jp/lib/traffic/guide/pdf/kisoku/01_20250401.pdf,cross_checked
南海電鉄,中百舌鳥,我孫子前,6.0,6,240,0,240,中百舌鳥>百舌鳥八幡>三国ヶ丘>堺東>浅香山>我孫子前,none,https://www.nankai.co.jp/lib/traffic/guide/pdf/kisoku/01_20250401.pdf,cross_checked
南海電鉄,中百舌鳥,新今宮,12.0,12,370,0,350,中百舌鳥>百舌鳥八幡>三国ヶ丘>堺東>浅香山>我孫子前>沢ノ町>住吉東>帝塚山>岸里玉出>天下茶屋>新今宮,特定運賃350,https://www.nankai.co.jp/lib/traffic/guide/pdf/kisoku/01_20250401.pdf,cross_checked
南海電鉄,中百舌鳥,沢ノ町,6.6,7,240,0,240,中百舌鳥>百舌鳥八幡>三国ヶ丘>堺東>浅香山>我孫子前>沢ノ町,none,https://www.nankai.co.jp/lib/traffic/guide/pdf/kisoku/01_20250401.pdf,cross_checked
南海電鉄,中百舌鳥,浅香山,4.7,5,240,0,240,中百舌鳥>百舌鳥八幡>三国ヶ丘>堺東>浅香山,none,https://www.nankai.co.jp/lib/traffic/guide/pdf/kisoku/01_20250401.pdf,cross_checked
南海電鉄,中百舌鳥,百舌鳥八幡,0.7,1,180,0,180,中百舌鳥>百舌鳥八幡,none,https://www.nankai.co.jp/lib/traffic/guide/pdf/kisoku/01_20250401.pdf,cross_checked
南海電鉄,中百舌鳥,粉浜,10.7,11,290,0,290,中百舌鳥>百舌鳥八幡>三国ヶ丘>堺東>浅香山>我孫子前>沢ノ町>住吉東>帝塚山>岸里玉出>粉浜,none,https://www.nankai.co.jp/lib/traffic/guide/pdf/kisoku/01_20250401.pdf,cross_checked
南海電鉄,中百舌鳥,萩ノ茶屋,11.4,12,370,0,350,中百舌鳥>百舌鳥八幡>三国ヶ丘>堺東>浅香山>我孫子前>沢ノ町>住吉東>帝塚山>岸里玉出>天下茶屋>萩ノ茶屋,特定運賃350,https://www.nankai.co.jp/lib/traffic/guide/pdf/kisoku/01_20250401.pdf,cross_checked
南海電鉄,中百舌鳥,難波,13.4,14,370,0,350,中百舌鳥>百舌鳥八幡>三国ヶ丘>堺東>浅香山>我孫子前>沢ノ町>住吉東>帝塚山>岸里玉出>天下茶屋>新今宮>難波,特定運賃350,https://www.nankai.co.jp/lib/traffic/guide/pdf/kisoku/01_20250401.pdf,cross_checked
南海電鉄,今宮戎,住ノ江,5.8,6,240,0,240,今宮戎>新今宮>天下茶屋>岸里玉出>粉浜>住吉大社>住ノ江,none,https://www.nankai.co.jp/lib/traffic/guide/pdf/kisoku/01_20250401.pdf,cross_checked
南海電鉄,今宮戎,住吉大社,4.8,5,240,0,240,今宮戎>新今宮>天下茶屋>岸里玉出>粉浜>住吉大社,none,https://www.nankai.co.jp/lib/traffic/guide/pdf/kisoku/01_20250401.pdf,cross_checked
南海電鉄,今宮戎,住吉東,5.0,5,240,0,240,今宮戎>新今宮>天下茶屋>岸里玉出>帝塚山>住吉東,none,https://www.nankai.co.jp/lib/traffic/guide/pdf/kisoku/01_20250401.pdf,cross_checked
南海電鉄,今宮戎,堺,8.9,9,290,0,290,今宮戎>新今宮>天下茶屋>岸里玉出>粉浜>住吉大社>住ノ江>七道>堺,none,https://www.nankai.co.jp/lib/traffic/guide/pdf/kisoku/01_20250401.pdf,cross_checked
南海電鉄,今宮戎,堺東,9.4,10,290,0,290,今宮戎>新今宮>天下茶屋>岸里玉出>帝塚山>住吉東>沢ノ町>我孫子前>浅香山>堺東,none,https://www.nankai.co.jp/lib/traffic/guide/pdf/kisoku/01_20250401.pdf,cross_checked
南海電鉄,今宮戎,天下茶屋,2.1,3,180,0,180,今宮戎>新今宮>天下茶屋,none,https://www.nankai.co.jp/lib/traffic/guide/pdf/kisoku/01_20250401.pdf,cross_checked
南海電鉄,今宮戎,岸里玉出,3.0,3,180,0,180,今宮戎>新今宮>天下茶屋>岸里玉出,none,https://www.nankai.co.jp/lib/traffic/guide/pdf/kisoku/01_20250401.pdf,cross_checked
南海電鉄,今宮戎,帝塚山,4.1,5,240,0,240,今宮戎>新今宮>天下茶屋>岸里玉出>帝塚山,none,https://www.nankai.co.jp/lib/traffic/guide/pdf/kisoku/01_20250401.pdf,cross_checked
南海電鉄,今宮戎,我孫子前,6.5,7,240,0,240,今宮戎>新今宮>天下茶屋>岸里玉出>帝塚山>住吉東>沢ノ町>我孫子前,none,https://www.nankai.co.jp/lib/traffic/guide/pdf/kisoku/01_20250401.pdf,cross_checked
南海電鉄,今宮戎,新今宮,0.5,1,180,0,180,今宮戎>新今宮,none,https://www.nankai.co.jp/lib/traffic/guide/pdf/kisoku/01_20250401.pdf,cross_checked
南海電鉄,今宮戎,沢ノ町,5.9,6,240,0,240,今宮戎>新今宮>天下茶屋>岸里玉出>帝塚山>住吉東>沢ノ町,none,https://www.nankai.co.jp/lib/traffic/guide/pdf/kisoku/01_20250401.pdf,cross_checked
南海電鉄,今宮戎,浅香山,7.8,8,290,0,290,今宮戎>新今宮>天下茶屋>岸里玉出>帝塚山>住吉東>沢ノ町>我孫子前>浅香山,none,https://www.nankai.co.jp/lib/traffic/guide/pdf/kisoku/01_20250401.pdf,cross_checked
南海電鉄,今宮戎,百舌鳥八幡,11.8,12,370,0,350,今宮戎>新今宮>天下茶屋>岸里玉出>帝塚山>住吉東>沢ノ町>我孫子前>浅香山>堺東>三国ヶ丘>百舌鳥八幡,特定運賃350,https://www.nankai.co.jp/lib/traffic/guide/pdf/kisoku/01_20250401.pdf,cross_checked
南海電鉄,今宮戎,粉浜,4.2,5,240,0,240,今宮戎>新今宮>天下茶屋>岸里玉出>粉浜,none,https://www.nankai.co.jp/lib/traffic/guide/pdf/kisoku/01_20250401.pdf,cross_checked
南海電鉄,今宮戎,萩ノ茶屋,1.1,2,180,0,180,今宮戎>新今宮>萩ノ茶屋,none,https://www.nankai.co.jp/lib/traffic/guide/pdf/kisoku/01_20250401.pdf,cross_checked
南海電鉄,今宮戎,難波,0.9,1,180,0,180,今宮戎>難波,none,https://www.nankai.co.jp/lib/traffic/guide/pdf/kisoku/01_20250401.pdf,cross_checked
南海電鉄,住ノ江,住吉大社,1.0,1,180,0,180,住ノ江>住吉大社,none,https://www.nankai.co.jp/lib/traffic/guide/pdf/kisoku/01_20250401.pdf,cross_checked
南海電鉄,住ノ江,住吉東,4.8,5,240,0,240,住ノ江>住吉大社>粉浜>岸里玉出>帝塚山>住吉東,none,https://www.nankai.co.jp/lib/traffic/guide/pdf/kisoku/01_20250401.pdf,cross_checked
南海電鉄,住ノ江,堺,3.1,4,240,0,240,住ノ江>七道>堺,none,https://www.nankai.co.jp/lib/traffic/guide/pdf/kisoku/01_20250401.pdf,cross_checked
南海電鉄,住ノ江,堺東,9.2,10,290,0,290,住ノ江>住吉大社>粉浜>岸里玉出>帝塚山>住吉東>沢ノ町>我孫子前>浅香山>堺東,none,https://www.nankai.co.jp/lib/traffic/guide/pdf/kisoku/01_20250401.pdf,cross_checked
南海電鉄,住ノ江,天下茶屋,3.7,4,240,0,240,住ノ江>住吉大社>粉浜>岸里玉出>天下茶屋,none,https://www.nankai.co.jp/lib/traffic/guide/pdf/kisoku/01_20250401.pdf,cross_checked
南海電鉄,住ノ江,岸里玉出,2.8,3,180,0,180,住ノ江>住吉大社>粉浜>岸里玉出,none,https://www.nankai.co.jp/lib/traffic/guide/pdf/kisoku/01_20250401.pdf,cross_checked
南海電鉄,住ノ江,帝塚山,3.9,4,240,0,240,住ノ江>住吉大社>粉浜>岸里玉出>帝塚山,none,https://www.nankai.co.jp/lib/traffic/guide/pdf/kisoku/01_20250401.pdf,cross_checked
南海電鉄,住ノ江,我孫子前,6.3,7,240,0,240,住ノ江>住吉大社>粉浜>岸里玉出>帝塚山>住吉東>沢ノ町>我孫子前,none,https://www.nankai.co.jp/lib/traffic/guide/pdf/kisoku/01_20250401.pdf,cross_checked
南海電鉄,住ノ江,新今宮,5.3,6,240,0,240,住ノ江>住吉大社>粉浜>岸里玉出>天下茶屋>新今宮,none,https://www.nankai.co.jp/lib/traffic/guide/pdf/kisoku/01_20250401.pdf,cross_checked
南海電鉄,住ノ江,沢ノ町,5.7,6,240,0,240,住ノ江>住吉大社>粉浜>岸里玉出>帝塚山>住吉東>沢ノ町,none,https://www.nankai.co.jp/lib/traffic/guide/pdf/kisoku/01_20250401.pdf,cross_checked
南海電鉄,住ノ江,浅香山,7.6,8,290,0,290,住ノ江>住吉大社>粉浜>岸里玉出>帝塚山>住吉東>沢ノ町>我孫子前>浅香山,none,https://www.nankai.co.jp/lib/traffic/guide/pdf/kisoku/01_20250401.pdf,cross_checked
南海電鉄,住ノ江,百舌鳥八幡,11.6,12,370,0,370,住ノ江>住吉大社>粉浜>岸里玉出>帝塚山>住吉東>沢ノ町>我孫子前>浅香山>堺東>三国ヶ丘>百舌鳥八幡,none,https://www.nankai.co.jp/lib/traffic/guide/pdf/kisoku/01_20250401.pdf,cross_checked
南海電鉄,住ノ江,粉浜,1.6,2,180,0,180,住ノ江>住吉大社>粉浜,none,https://www.nankai.co.jp/lib/traffic/guide/pdf/kisoku/01_20250401.pdf,cross_checked
南海電鉄,住ノ江,萩ノ茶屋,4.7,5,240,0,240,住ノ江>住吉大社>粉浜>岸里玉出>天下茶屋>萩ノ茶屋,none,https://www.nankai.co.jp/lib/traffic/guide/pdf/kisoku/01_20250401.pdf,cross_checked
南海電鉄,住ノ江,難波,6.7,7,240,0,240,住ノ江>住吉大社>粉浜>岸里玉出>天下茶屋>新今宮>難波,none,https://www.nankai.co.jp/lib/traffic/guide/pdf/kisoku/01_20250401.pdf,cross_checked
南海電鉄,住吉大社,住吉東,3.8,4,240,0,240,住吉大社>粉浜>岸里玉出>帝塚山>住吉東,none,https://www.nankai.co.jp/lib/traffic/guide/pdf/kisoku/01_20250401.pdf,cross_checked
南海電鉄,住吉大社,堺,4.1,5,240,0,240,住吉大社>住ノ江>七道>堺,none,https://www.nankai.co.jp/lib/traffic/guide/pdf/kisoku/01_20250401.pdf,cross_checked
南海電鉄,住吉大社,堺東,8.2,9,290,0,290,住吉大社>粉浜>岸里玉出>帝塚山>住吉東>沢ノ町>我孫子前>浅香山>堺東,none,https://www.nankai.co.jp/lib/traffic/guide/pdf/kisoku/01_20250401.pdf,cross_checked
南海電鉄,住吉大社,天下茶屋,2.7,3,180,0,180,住吉大社>粉浜>岸里玉出>天下茶屋,none,https://www.nankai.co.jp/lib/traffic/guide/pdf/kisoku/01_20250401.pdf,cross_checked
南海電鉄,住吉大社,岸里玉出,1.8,2,180,0,180,住吉大社>粉浜>岸里玉出,none,https://www.nankai.co.jp/lib/traffic/guide/pdf/kisoku/01_20250401.pdf,cross_checked
南海電鉄,住吉大社,帝塚山,2.9,3,180,0,180,住吉大社>粉浜>岸里玉出>帝塚山,none,https://www.nankai.co.jp/lib/traffic/guide/pdf/kisoku/01_20250401.pdf,cross_checked
南海電鉄,住吉大社,我孫子前,5.3,6,240,0,240,住吉大社>粉浜>岸里玉出>帝塚山>住吉東>沢ノ町>我孫子前,none,https://www.nankai.co.jp/lib/traffic/guide/pdf/kisoku/01_20250401.pdf,cross_checked
南海電鉄,住吉大社,新今宮,4.3,5,240,0,240,住吉大社>粉浜>岸里玉出>天下茶屋>新今宮,none,https://www.nankai.co.jp/lib/traffic/guide/pdf/kisoku/01_20250401.pdf,cross_checked
南海電鉄,住吉大社,沢ノ町,4.7,5,240,0,240,住吉大社>粉浜>岸里玉出>帝塚山>住吉東>沢ノ町,none,https://www.nankai.co.jp/lib/traffic/guide/pdf/kisoku/01_20250401.pdf,cross_checked
南海電鉄,住吉大社,浅香山,6.6,7,240,0,240,住吉大社>粉浜>岸里玉出>帝塚山>住吉東>沢ノ町>我孫子前>浅香山,none,https://www.nankai.co.jp/lib/traffic/guide/pdf/kisoku/01_20250401.pdf,cross_checked
南海電鉄,住吉大社,百舌鳥八幡,10.6,11,290,0,290,住吉大社>粉浜>岸里玉出>帝塚山>住吉東>沢ノ町>我孫子前>浅香山>堺東>三国ヶ丘>百舌鳥八幡,none,https://www.nankai.co.jp/lib/traffic/guide/pdf/kisoku/01_20250401.pdf,cross_checked
南海電鉄,住吉大社,粉浜,0.6,1,180,0,180,住吉大社>粉浜,none,https://www.nankai.co.jp/lib/traffic/guide/pdf/kisoku/01_20250401.pdf,cross_checked
南海電鉄,住吉大社,萩ノ茶屋,3.7,4,240,0,240,住吉大社>粉浜>岸里玉出>天下茶屋>萩ノ茶屋,none,https://www.nankai.co.jp/lib/traffic/guide/pdf/kisoku/01_20250401.pdf,cross_checked
南海電鉄,住吉大社,難波,5.7,6,240,0,240,住吉大社>粉浜>岸里玉出>天下茶屋>新今宮>難波,none,https://www.nankai.co.jp/lib/traffic/guide/pdf/kisoku/01_20250401.pdf,cross_checked
南海電鉄,住吉東,堺,7.9,8,290,0,290,住吉東>帝塚山>岸里玉出>粉浜>住吉大社>住ノ江>七道>堺,none,https://www.nankai.co.jp/lib/traffic/guide/pdf/kisoku/01_20250401.pdf,cross_checked
南海電鉄,住吉東,堺東,4.4,5,240,0,240,住吉東>沢ノ町>我孫子前>浅香山>堺東,none,https://www.nankai.co.jp/lib/traffic/guide/pdf/kisoku/01_20250401.pdf,cross_checked
南海電鉄,住吉東,天下茶屋,2.9,3,180,0,180,住吉東>帝塚山>岸里玉出>天下茶屋,none,https://www.nankai.co.jp/lib/traffic/guide/pdf/kisoku/01_20250401.pdf,cross_checked
南海電鉄,住吉東,岸里玉出,2.0,2,180,0,180,住吉東>帝塚山>岸里玉出,none,https://www.nankai.co.jp/lib/traffic/guide/pdf/kisoku/01_20250401.pdf,cross_checked
南海電鉄,住吉東,帝塚山,0.9,1,180,0,180,住吉東>帝塚山,none,https://www.nankai.co.jp/lib/traffic/guide/pdf/kisoku/01_20250401.pdf,cross_checked
南海電鉄,住吉東,我孫子前,1.5,2,180,0,180,住吉東>沢ノ町>我孫子前,none,https://www.nankai.co.jp/lib/traffic/guide/pdf/kisoku/01_20250401.pdf,cross_checked
南海電鉄,住吉東,新今宮,4.5,5,240,0,240,住吉東>帝塚山>岸里玉出>天下茶屋>新今宮,none,https://www.nankai.co.jp/lib/traffic/guide/pdf/kisoku/01_20250401.pdf,cross_checked
南海電鉄,住吉東,沢ノ町,0.9,1,180,0,180,住吉東>沢ノ町,none,https://www.nankai.co.jp/lib/traffic/guide/pdf/kisoku/01_20250401.pdf,cross_checked
南海電鉄,住吉東,浅香山,2.8,3,180,0,180,住吉東>沢ノ町>我孫子前>浅香山,none,https://www.nankai.co.jp/lib/traffic/guide/pdf/kisoku/01_20250401.pdf,cross_checked
南海電鉄,住吉東,百舌鳥八幡,6.8,7,240,0,240,住吉東>沢ノ町>我孫子前>浅香山>堺東>三国ヶ丘>百舌鳥八幡,none,https://www.nankai.co.jp/lib/traffic/guide/pdf/kisoku/01_20250401.pdf,cross_checked
南海電鉄,住吉東,粉浜,3.2,4,240,0,240,住吉東>帝塚山>岸里玉出>粉浜,none,https://www.nankai.co.jp/lib/traffic/guide/pdf/kisoku/01_20250401.pdf,cross_checked
南海電鉄,住吉東,萩ノ茶屋,3.9,4,240,0,240,住吉東>帝塚山>岸里玉出>天下茶屋>萩ノ茶屋,none,https://www.nankai.co.jp/lib/traffic/guide/pdf/kisoku/01_20250401.pdf,cross_checked
南海電鉄,住吉東,難波,5.9,6,240,0,240,住吉東>帝塚山>岸里玉出>天下茶屋>新今宮>難波,none,https://www.nankai.co.jp/lib/traffic/guide/pdf/kisoku/01_20250401.pdf,cross_checked
南海電鉄,堺,堺東,12.3,13,370,0,370,堺>七道>住ノ江>住吉大社>粉浜>岸里玉出>帝塚山>住吉東>沢ノ町>我孫子前>浅香山>堺東,none,https://www.nankai.co.jp/lib/traffic/guide/pdf/kisoku/01_20250401.pdf,cross_checked
南海電鉄,堺,天下茶屋,6.8,7,240,0,240,堺>七道>住ノ江>住吉大社>粉浜>岸里玉出>天下茶屋,none,https://www.nankai.co.jp/lib/traffic/guide/pdf/kisoku/01_20250401.pdf,cross_checked
南海電鉄,堺,岸里玉出,5.9,6,240,0,240,堺>七道>住ノ江>住吉大社>粉浜>岸里玉出,none,https://www.nankai.co.jp/lib/traffic/guide/pdf/kisoku/01_20250401.pdf,cross_checked
南海電鉄,堺,帝塚山,7.0,7,240,0,240,堺>七道>住ノ江>住吉大社>粉浜>岸里玉出>帝塚山,none,https://www.nankai.co.jp/lib/traffic/guide/pdf/kisoku/01_20250401.pdf,cross_checked
南海電鉄,堺,我孫子前,9.4,10,290,0,290,堺>七道>住ノ江>住吉大社>粉浜>岸里玉出>帝塚山>住吉東>沢ノ町>我孫子前,none,https://www.nankai.co.jp/lib/traffic/guide/pdf/kisoku/01_20250401.pdf,cross_checked
南海電鉄,堺,新今宮,8.4,9,290,0,290,堺>七道>住ノ江>住吉大社>粉浜>岸里玉出>天下茶屋>新今宮,none,https://www.nankai.co.jp/lib/traffic/guide/pdf/kisoku/01_20250401.pdf,cross_checked
南海電鉄,堺,沢ノ町,8.8,9,290,0,290,堺>七道>住ノ江>住吉大社>粉浜>岸里玉出>帝塚山>住吉東>沢ノ町,none,https://www.nankai.co.jp/lib/traffic/guide/pdf/kisoku/01_20250401.pdf,cross_checked
南海電鉄,堺,浅香山,10.7,11,290,0,290,堺>七道>住ノ江>住吉大社>粉浜>岸里玉出>帝塚山>住吉東>沢ノ町>我孫子前>浅香山,none,https://www.nankai.co.jp/lib/traffic/guide/pdf/kisoku/01_20250401.pdf,cross_checked
南海電鉄,堺,百舌鳥八幡,14.7,15,370,0,370,堺>七道>住ノ江>住吉大社>粉浜>岸里玉出>帝塚山>住吉東>沢ノ町>我孫子前>浅香山>堺東>三国ヶ丘>百舌鳥八幡,none,https://www.nankai.co.jp/lib/traffic/guide/pdf/kisoku/01_20250401.pdf,cross_checked
南海電鉄,堺,粉浜,4.7,5,240,0,240,堺>七道>住ノ江>住吉大社>粉浜,none,https://www.nankai.co.jp/lib/traffic/guide/pdf/kisoku/01_20250401.pdf,cross_checked
南海電鉄,堺,萩ノ茶屋,7.8,8,290,0,290,堺>七道>住ノ江>住吉大社>粉浜>岸里玉出>天下茶屋>萩ノ茶屋,none,https://www.nankai.co.jp/lib/traffic/guide/pdf/kisoku/01_20250401.pdf,cross_checked
南海電鉄,堺,難波,9.8,10,290,0,290,堺>七道>住ノ江>住吉大社>粉浜>岸里玉出>天下茶屋>新今宮>難波,none,https://www.nankai.co.jp/lib/traffic/guide/pdf/kisoku/01_20250401.pdf,cross_checked
南海電鉄,堺東,天下茶屋,7.3,8,290,0,290,堺東>浅香山>我孫子前>沢ノ町>住吉東>帝塚山>岸里玉出>天下茶屋,none,https://www.nankai.co.jp/lib/traffic/guide/pdf/kisoku/01_20250401.pdf,cross_checked
南海電鉄,堺東,岸里玉出,6.4,7,240,0,240,堺東>浅香山>我孫子前>沢ノ町>住吉東>帝塚山>岸里玉出,none,https://www.nankai.co.jp/lib/traffic/guide/pdf/kisoku/01_20250401.pdf,cross_checked
南海電鉄,堺東,帝塚山,5.3,6,240,0,240,堺東>浅香山>我孫子前>沢ノ町>住吉東>帝塚山,none,https://www.nankai.co.jp/lib/traffic/guide/pdf/kisoku/01_20250401.pdf,cross_checked
南海電鉄,堺東,我孫子前,2.9,3,180,0,180,堺東>浅香山>我孫子前,none,https://www.nankai.co.jp/lib/traffic/guide/pdf/kisoku/01_20250401.pdf,cross_checked
南海電鉄,堺東,新今宮,8.9,9,290,0,290,堺東>浅香山>我孫子前>沢ノ町>住吉東>帝塚山>岸里玉出>天下茶屋>新今宮,none,https://www.nankai.co.jp/lib/traffic/guide/pdf/kisoku/01_20250401.pdf,cross_checked
南海電鉄,堺東,沢ノ町,3.5,4,240,0,240,堺東>浅香山>我孫子前>沢ノ町,none,https://www.nankai.co.jp/lib/traffic/guide/pdf/kisoku/01_20250401.pdf,cross_checked
南海電鉄,堺東,浅香山,1.6,2,180,0,180,堺東>浅香山,none,https://www.nankai.co.jp/lib/traffic/guide/pdf/kisoku/01_20250401.pdf,cross_checked
南海電鉄,堺東,百舌鳥八幡,2.4,3,180,0,180,堺東>三国ヶ丘>百舌鳥八幡,none,https://www.nankai.co.jp/lib/traffic/guide/pdf/kisoku/01_20250401.pdf,cross_checked
南海電鉄,堺東,粉浜,7.6,8,290,0,290,堺東>浅香山>我孫子前>沢ノ町>住吉東>帝塚山>岸里玉出>粉浜,none,https://www.nankai.co.jp/lib/traffic/guide/pdf/kisoku/01_20250401.pdf,cross_checked
南海電鉄,堺東,萩ノ茶屋,8.3,9,290,0,290,堺東>浅香山>我孫子前>沢ノ町>住吉東>帝塚山>岸里玉出>天下茶屋>萩ノ茶屋,none,https://www.nankai.co.jp/lib/traffic/guide/pdf/kisoku/01_20250401.pdf,cross_checked
南海電鉄,堺東,難波,10.3,11,290,0,290,堺東>浅香山>我孫子前>沢ノ町>住吉東>帝塚山>岸里玉出>天下茶屋>新今宮>難波,none,https://www.nankai.co.jp/lib/traffic/guide/pdf/kisoku/01_20250401.pdf,cross_checked
南海電鉄,天下茶屋,岸里玉出,0.9,1,180,0,180,天下茶屋>岸里玉出,none,https://www.nankai.co.jp/lib/traffic/guide/pdf/kisoku/01_20250401.pdf,cross_checked
南海電鉄,天下茶屋,帝塚山,2.0,2,180,0,180,天下茶屋>岸里玉出>帝塚山,none,https://www.nankai.co.jp/lib/traffic/guide/pdf/kisoku/01_20250401.pdf,cross_checked
南海電鉄,天下茶屋,我孫子前,4.4,5,240,0,240,天下茶屋>岸里玉出>帝塚山>住吉東>沢ノ町>我孫子前,none,https://www.nankai.co.jp/lib/traffic/guide/pdf/kisoku/01_20250401.pdf,cross_checked
南海電鉄,天下茶屋,新今宮,1.6,2,180,0,180,天下茶屋>新今宮,none,https://www.nankai.co.jp/lib/traffic/guide/pdf/kisoku/01_20250401.pdf,cross_checked
南海電鉄,天下茶屋,沢ノ町,3.8,4,240,0,240,天下茶屋>岸里玉出>帝塚山>住吉東>沢ノ町,none,https://www.nankai.co.jp/lib/traffic/guide/pdf/kisoku/01_20250401.pdf,cross_checked
南海電鉄,天下茶屋,浅香山,5.7,6,240,0,240,天下茶屋>岸里玉出>帝塚山>住吉東>沢ノ町>我孫子前>浅香山,none,https://www.nankai.co.jp/lib/traffic/guide/pdf/kisoku/01_20250401.pdf,cross_checked
南海電鉄,天下茶屋,百舌鳥八幡,9.7,10,290,0,290,天下茶屋>岸里玉出>帝塚山>住吉東>沢ノ町>我孫子前>浅香山>堺東>三国ヶ丘>百舌鳥八幡,none,https://www.nankai.co.jp/lib/traffic/guide/pdf/kisoku/01_20250401.pdf,cross_checked
南海電鉄,天下茶屋,粉浜,2.1,3,180,0,180,天下茶屋>岸里玉出>粉浜,none,https://www.nankai.co.jp/lib/traffic/guide/pdf/kisoku/01_20250401.pdf,cross_checked
南海電鉄,天下茶屋,萩ノ茶屋,1.0,1,180,0,180,天下茶屋>萩ノ茶屋,none,https://www.nankai.co.jp/lib/traffic/guide/pdf/kisoku/01_20250401.pdf,cross_checked
南海電鉄,天下茶屋,難波,3.0,3,180,0,180,天下茶屋>新今宮>難波,none,https://www.nankai.co.jp/lib/traffic/guide/pdf/kisoku/01_20250401.pdf,cross_checked
南海電鉄,岸里玉出,帝塚山,1.1,2,180,0,180,岸里玉出>帝塚山,none,https://www.nankai.co.jp/lib/traffic/guide/pdf/kisoku/01_20250401.pdf,cross_checked
南海電鉄,岸里玉出,我孫子前,3.5,4,240,0,240,岸里玉出>帝塚山>住吉東>沢ノ町>我孫子前,none,https://www.nankai.co.jp/lib/traffic/guide/pdf/kisoku/01_20250401.pdf,cross_checked
南海電鉄,岸里玉出,新今宮,2.5,3,180,0,180,岸里玉出>天下茶屋>新今宮,none,https://www.nankai.co.jp/lib/traffic/guide/pdf/kisoku/01_20250401.pdf,cross_checked
南海電鉄,岸里玉出,沢ノ町,2.9,3,180,0,180,岸里玉出>帝塚山>住吉東>沢ノ町,none,https://www.nankai.co.jp/lib/traffic/guide/pdf/kisoku/01_20250401.pdf,cross_checked
南海電鉄,岸里玉出,浅香山,4.8,5,240,0,240,岸里玉出>帝塚山>住吉東>沢ノ町>我孫子前>浅香山,none,https://www.nankai.co.jp/lib/traffic/guide/pdf/kisoku/01_20250401.pdf,cross_checked
南海電鉄,岸里玉出,百舌鳥八幡,8.8,9,290,0,290,岸里玉出>帝塚山>住吉東>沢ノ町>我孫子前>浅香山>堺東>三国ヶ丘>百舌鳥八幡,none,https://www.nankai.co.jp/lib/traffic/guide/pdf/kisoku/01_20250401.pdf,cross_checked
南海電鉄,岸里玉出,粉浜,1.2,2,180,0,180,岸里玉出>粉浜,none,https://www.nankai.co.jp/lib/traffic/guide/pdf/kisoku/01_20250401.pdf,cross_checked
南海電鉄,岸里玉出,萩ノ茶屋,1.9,2,180,0,180,岸里玉出>天下茶屋>萩ノ茶屋,none,https://www.nankai.co.jp/lib/traffic/guide/pdf/kisoku/01_20250401.pdf,cross_checked
南海電鉄,岸里玉出,難波,3.9,4,240,0,240,岸里玉出>天下茶屋>新今宮>難波,none,https://www.nankai.co.jp/lib/traffic/guide/pdf/kisoku/01_20250401.pdf,cross_checked
南海電鉄,帝塚山,我孫子前,2.4,3,180,0,180,帝塚山>住吉東>沢ノ町>我孫子前,none,https://www.nankai.co.jp/lib/traffic/guide/pdf/kisoku/01_20250401.pdf,cross_checked
南海電鉄,帝塚山,新今宮,3.6,4,240,0,240,帝塚山>岸里玉出>天下茶屋>新今宮,none,https://www.nankai.co.jp/lib/traffic/guide/pdf/kisoku/01_20250401.pdf,cross_checked
南海電鉄,帝塚山,沢ノ町,1.8,2,180,0,180,帝塚山>住吉東>沢ノ町,none,https://www.nankai.co.jp/lib/traffic/guide/pdf/kisoku/01_20250401.pdf,cross_checked
南海電鉄,帝塚山,浅香山,3.7,4,240,0,240,帝塚山>住吉東>沢ノ町>我孫子前>浅香山,none,https://www.nankai.co.jp/lib/traffic/guide/pdf/kisoku/01_20250401.pdf,cross_checked
南海電鉄,帝塚山,百舌鳥八幡,7.7,8,290,0,290,帝塚山>住吉東>沢ノ町>我孫子前>浅香山>堺東>三国ヶ丘>百舌鳥八幡,none,https://www.nankai.co.jp/lib/traffic/guide/pdf/kisoku/01_20250401.pdf,cross_checked
南海電鉄,帝塚山,粉浜,2.3,3,180,0,180,帝塚山>岸里玉出>粉浜,none,https://www.nankai.co.jp/lib/traffic/guide/pdf/kisoku/01_20250401.pdf,cross_checked
南海電鉄,帝塚山,萩ノ茶屋,3.0,3,180,0,180,帝塚山>岸里玉出>天下茶屋>萩ノ茶屋,none,https://www.nankai.co.jp/lib/traffic/guide/pdf/kisoku/01_20250401.pdf,cross_checked
南海電鉄,帝塚山,難波,5.0,5,240,0,240,帝塚山>岸里玉出>天下茶屋>新今宮>難波,none,https://www.nankai.co.jp/lib/traffic/guide/pdf/kisoku/01_20250401.pdf,cross_checked
南海電鉄,我孫子前,新今宮,6.0,6,240,0,240,我孫子前>沢ノ町>住吉東>帝塚山>岸里玉出>天下茶屋>新今宮,none,https://www.nankai.co.jp/lib/traffic/guide/pdf/kisoku/01_20250401.pdf,cross_checked
南海電鉄,我孫子前,沢ノ町,0.6,1,180,0,180,我孫子前>沢ノ町,none,https://www.nankai.co.jp/lib/traffic/guide/pdf/kisoku/01_20250401.pdf,cross_checked
南海電鉄,我孫子前,浅香山,1.3,2,180,0,180,我孫子前>浅香山,none,https://www.nankai.co.jp/lib/traffic/guide/pdf/kisoku/01_20250401.pdf,cross_checked
南海電鉄,我孫子前,百舌鳥八幡,5.3,6,240,0,240,我孫子前>浅香山>堺東>三国ヶ丘>百舌鳥八幡,none,https://www.nankai.co.jp/lib/traffic/guide/pdf/kisoku/01_20250401.pdf,cross_checked
南海電鉄,我孫子前,粉浜,4.7,5,240,0,240,我孫子前>沢ノ町>住吉東>帝塚山>岸里玉出>粉浜,none,https://www.nankai.co.jp/lib/traffic/guide/pdf/kisoku/01_20250401.pdf,cross_checked
南海電鉄,我孫子前,萩ノ茶屋,5.4,6,240,0,240,我孫子前>沢ノ町>住吉東>帝塚山>岸里玉出>天下茶屋>萩ノ茶屋,none,https://www.nankai.co.jp/lib/traffic/guide/pdf/kisoku/01_20250401.pdf,cross_checked
南海電鉄,我孫子前,難波,7.4,8,290,0,290,我孫子前>沢ノ町>住吉東>帝塚山>岸里玉出>天下茶屋>新今宮>難波,none,https://www.nankai.co.jp/lib/traffic/guide/pdf/kisoku/01_20250401.pdf,cross_checked
南海電鉄,新今宮,沢ノ町,5.4,6,240,0,240,新今宮>天下茶屋>岸里玉出>帝塚山>住吉東>沢ノ町,none,https://www.nankai.co.jp/lib/traffic/guide/pdf/kisoku/01_20250401.pdf,cross_checked
南海電鉄,新今宮,浅香山,7.3,8,290,0,290,新今宮>天下茶屋>岸里玉出>帝塚山>住吉東>沢ノ町>我孫子前>浅香山,none,https://www.nankai.co.jp/lib/traffic/guide/pdf/kisoku/01_20250401.pdf,cross_checked
南海電鉄,新今宮,百舌鳥八幡,11.3,12,370,0,350,新今宮>天下茶屋>岸里玉出>帝塚山>住吉東>沢ノ町>我孫子前>浅香山>堺東>三国ヶ丘>百舌鳥八幡,特定運賃350,https://www.nankai.co.jp/lib/traffic/guide/pdf/kisoku/01_20250401.pdf,cross_checked
南海電鉄,新今宮,粉浜,3.7,4,240,0,240,新今宮>天下茶屋>岸里玉出>粉浜,none,https://www.nankai.co.jp/lib/traffic/guide/pdf/kisoku/01_20250401.pdf,cross_checked
南海電鉄,新今宮,萩ノ茶屋,0.6,1,180,0,180,新今宮>萩ノ茶屋,none,https://www.nankai.co.jp/lib/traffic/guide/pdf/kisoku/01_20250401.pdf,cross_checked
南海電鉄,新今宮,難波,1.4,2,180,0,180,新今宮>難波,none,https://www.nankai.co.jp/lib/traffic/guide/pdf/kisoku/01_20250401.pdf,cross_checked
南海電鉄,沢ノ町,浅香山,1.9,2,180,0,180,沢ノ町>我孫子前>浅香山,none,https://www.nankai.co.jp/lib/traffic/guide/pdf/kisoku/01_20250401.pdf,cross_checked
南海電鉄,沢ノ町,百舌鳥八幡,5.9,6,240,0,240,沢ノ町>我孫子前>浅香山>堺東>三国ヶ丘>百舌鳥八幡,none,https://www.nankai.co.jp/lib/traffic/guide/pdf/kisoku/01_20250401.pdf,cross_checked
南海電鉄,沢ノ町,粉浜,4.1,5,240,0,240,沢ノ町>住吉東>帝塚山>岸里玉出>粉浜,none,https://www.nankai.co.jp/lib/traffic/guide/pdf/kisoku/01_20250401.pdf,cross_checked
南海電鉄,沢ノ町,萩ノ茶屋,4.8,5,240,0,240,沢ノ町>住吉東>帝塚山>岸里玉出>天下茶屋>萩ノ茶屋,none,https://www.nankai.co.jp/lib/traffic/guide/pdf/kisoku/01_20250401.pdf,cross_checked
南海電鉄,沢ノ町,難波,6.8,7,240,0,240,沢ノ町>住吉東>帝塚山>岸里玉出>天下茶屋>新今宮>難波,none,https://www.nankai.co.jp/lib/traffic/guide/pdf/kisoku/01_20250401.pdf,cross_checked
南海電鉄,浅香山,百舌鳥八幡,4.0,4,240,0,240,浅香山>堺東>三国ヶ丘>百舌鳥八幡,none,https://www.nankai.co.jp/lib/traffic/guide/pdf/kisoku/01_20250401.pdf,cross_checked
南海電鉄,浅香山,粉浜,6.0,6,240,0,240,浅香山>我孫子前>沢ノ町>住吉東>帝塚山>岸里玉出>粉浜,none,https://www.nankai.co.jp/lib/traffic/guide/pdf/kisoku/01_20250401.pdf,cross_checked
南海電鉄,浅香山,萩ノ茶屋,6.7,7,240,0,240,浅香山>我孫子前>沢ノ町>住吉東>帝塚山>岸里玉出>天下茶屋>萩ノ茶屋,none,https://www.nankai.co.jp/lib/traffic/guide/pdf/kisoku/01_20250401.pdf,cross_checked
南海電鉄,浅香山,難波,8.7,9,290,0,290,浅香山>我孫子前>沢ノ町>住吉東>帝塚山>岸里玉出>天下茶屋>新今宮>難波,none,https://www.nankai.co.jp/lib/traffic/guide/pdf/kisoku/01_20250401.pdf,cross_checked
南海電鉄,百舌鳥八幡,粉浜,10.0,10,290,0,290,百舌鳥八幡>三国ヶ丘>堺東>浅香山>我孫子前>沢ノ町>住吉東>帝塚山>岸里玉出>粉浜,none,https://www.nankai.co.jp/lib/traffic/guide/pdf/kisoku/01_20250401.pdf,cross_checked
南海電鉄,百舌鳥八幡,萩ノ茶屋,10.7,11,290,0,290,百舌鳥八幡>三国ヶ丘>堺東>浅香山>我孫子前>沢ノ町>住吉東>帝塚山>岸里玉出>天下茶屋>萩ノ茶屋,none,https://www.nankai.co.jp/lib/traffic/guide/pdf/kisoku/01_20250401.pdf,cross_checked
南海電鉄,百舌鳥八幡,難波,12.7,13,370,0,350,百舌鳥八幡>三国ヶ丘>堺東>浅香山>我孫子前>沢ノ町>住吉東>帝塚山>岸里玉出>天下茶屋>新今宮>難波,特定運賃350,https://www.nankai.co.jp/lib/traffic/guide/pdf/kisoku/01_20250401.pdf,cross_checked
南海電鉄,粉浜,萩ノ茶屋,3.1,4,240,0,240,粉浜>岸里玉出>天下茶屋>萩ノ茶屋,none,https://www.nankai.co.jp/lib/traffic/guide/pdf/kisoku/01_20250401.pdf,cross_checked
南海電鉄,粉浜,難波,5.1,6,240,0,240,粉浜>岸里玉出>天下茶屋>新今宮>難波,none,https://www.nankai.co.jp/lib/traffic/guide/pdf/kisoku/01_20250401.pdf,cross_checked
南海電鉄,萩ノ茶屋,難波,2.0,2,180,0,180,萩ノ茶屋>新今宮>難波,none,https://www.nankai.co.jp/lib/traffic/guide/pdf/kisoku/01_20250401.pdf,cross_checked
近鉄,今川,北田辺,0.6,1,180,0,180,今川>北田辺,none,https://www.kintetsu.co.jp/gyoumu/kippu/pdf/kirotei_20260314.pdf,official
近鉄,今川,大阪阿部野橋,2.7,3,180,0,180,今川>北田辺>河堀口>大阪阿部野橋,none,https://www.kintetsu.co.jp/gyoumu/kippu/pdf/kirotei_20260314.pdf,official
近鉄,今川,河堀口,1.7,2,180,0,180,今川>北田辺>河堀口,none,https://www.kintetsu.co.jp/gyoumu/kippu/pdf/kirotei_20260314.pdf,official
近鉄,今川,矢田,2.4,3,180,0,180,今川>針中野>矢田,none,https://www.kintetsu.co.jp/gyoumu/kippu/pdf/kirotei_20260314.pdf,official
近鉄,今川,針中野,1.1,2,180,0,180,今川>針中野,none,https://www.kintetsu.co.jp/gyoumu/kippu/pdf/kirotei_20260314.pdf,official
近鉄,今里,大阪上本町,2.8,3,180,0,180,今里>鶴橋>大阪上本町,none,https://www.kintetsu.co.jp/gyoumu/kippu/pdf/kirotei_20260314.pdf,official
近鉄,今里,大阪難波,4.8,5,240,0,240,今里>鶴橋>大阪上本町>近鉄日本橋>大阪難波,none,https://www.kintetsu.co.jp/gyoumu/kippu/pdf/kirotei_20260314.pdf,official
近鉄,今里,近鉄日本橋,4.0,4,240,0,240,今里>鶴橋>大阪上本町>近鉄日本橋,none,https://www.kintetsu.co.jp/gyoumu/kippu/pdf/kirotei_20260314.pdf,official
近鉄,今里,鶴橋,1.7,2,180,0,180,今里>鶴橋,none,https://www.kintetsu.co.jp/gyoumu/kippu/pdf/kirotei_20260314.pdf,official
近鉄,北田辺,大阪阿部野橋,2.1,3,180,0,180,北田辺>河堀口>大阪阿部野橋,none,https://www.kintetsu.co.jp/gyoumu/kippu/pdf/kirotei_20260314.pdf,official
近鉄,北田辺,河堀口,1.1,2,180,0,180,北田辺>河堀口,none,https://www.kintetsu.co.jp/gyoumu/kippu/pdf/kirotei_20260314.pdf,official
近鉄,北田辺,矢田,3.0,3,180,0,180,北田辺>今川>針中野>矢田,none,https://www.kintetsu.co.jp/gyoumu/kippu/pdf/kirotei_20260314.pdf,official
近鉄,北田辺,針中野,1.7,2,180,0,180,北田辺>今川>針中野,none,https://www.kintetsu.co.jp/gyoumu/kippu/pdf/kirotei_20260314.pdf,official
近鉄,大阪上本町,大阪難波,2.0,2,180,0,180,大阪上本町>近鉄日本橋>大阪難波,none,https://www.kintetsu.co.jp/gyoumu/kippu/pdf/kirotei_20260314.pdf,official
近鉄,大阪上本町,近鉄日本橋,1.2,2,180,0,180,大阪上本町>近鉄日本橋,none,https://www.kintetsu.co.jp/gyoumu/kippu/pdf/kirotei_20260314.pdf,official
近鉄,大阪上本町,鶴橋,1.1,2,180,0,180,大阪上本町>鶴橋,none,https://www.kintetsu.co.jp/gyoumu/kippu/pdf/kirotei_20260314.pdf,official
近鉄,大阪阿部野橋,河堀口,1.0,1,180,0,180,大阪阿部野橋>河堀口,none,https://www.kintetsu.co.jp/gyoumu/kippu/pdf/kirotei_20260314.pdf,official
近鉄,大阪阿部野橋,矢田,5.1,6,240,0,240,大阪阿部野橋>河堀口>北田辺>今川>針中野>矢田,none,https://www.kintetsu.co.jp/gyoumu/kippu/pdf/kirotei_20260314.pdf,official
近鉄,大阪阿部野橋,針中野,3.8,4,240,0,240,大阪阿部野橋>河堀口>北田辺>今川>針中野,none,https://www.kintetsu.co.jp/gyoumu/kippu/pdf/kirotei_20260314.pdf,official
近鉄,大阪難波,近鉄日本橋,0.8,1,180,0,180,大阪難波>近鉄日本橋,none,https://www.kintetsu.co.jp/gyoumu/kippu/pdf/kirotei_20260314.pdf,official
近鉄,大阪難波,鶴橋,3.1,4,240,0,240,大阪難波>近鉄日本橋>大阪上本町>鶴橋,none,https://www.kintetsu.co.jp/gyoumu/kippu/pdf/kirotei_20260314.pdf,official
近鉄,河堀口,矢田,4.1,5,240,0,240,河堀口>北田辺>今川>針中野>矢田,none,https://www.kintetsu.co.jp/gyoumu/kippu/pdf/kirotei_20260314.pdf,official
近鉄,河堀口,針中野,2.8,3,180,0,180,河堀口>北田辺>今川>針中野,none,https://www.kintetsu.co.jp/gyoumu/kippu/pdf/kirotei_20260314.pdf,official
近鉄,矢田,針中野,1.3,2,180,0,180,矢田>針中野,none,https://www.kintetsu.co.jp/gyoumu/kippu/pdf/kirotei_20260314.pdf,official
近鉄,近鉄日本橋,鶴橋,2.3,3,180,0,180,近鉄日本橋>大阪上本町>鶴橋,none,https://www.kintetsu.co.jp/gyoumu/kippu/pdf/kirotei_20260314.pdf,official
阪急電鉄,三国,上新庄,8.3,9,200,0,200,三国>十三>南方>崇禅寺>淡路>上新庄,none,https://www.hankyu.co.jp/files/upload/topics/220803/2023040_fare.pdf,cross_checked
阪急電鉄,三国,下新庄,7.1,8,200,0,200,三国>十三>南方>崇禅寺>淡路>下新庄,none,https://www.hankyu.co.jp/files/upload/topics/220803/2023040_fare.pdf,cross_checked
阪急電鉄,三国,中津,3.5,4,170,0,170,三国>十三>中津,none,https://www.hankyu.co.jp/files/upload/topics/220803/2023040_fare.pdf,cross_checked
阪急電鉄,三国,十三,2.0,2,170,0,170,三国>十三,none,https://www.hankyu.co.jp/files/upload/topics/220803/2023040_fare.pdf,cross_checked
阪急電鉄,三国,南方,3.9,4,170,0,170,三国>十三>南方,none,https://www.hankyu.co.jp/files/upload/topics/220803/2023040_fare.pdf,cross_checked
阪急電鉄,三国,大阪梅田,4.4,5,200,0,200,三国>十三>中津>大阪梅田,none,https://www.hankyu.co.jp/files/upload/topics/220803/2023040_fare.pdf,cross_checked
阪急電鉄,三国,天神橋筋六丁目,9.7,10,240,0,240,三国>十三>南方>崇禅寺>淡路>柴島>天神橋筋六丁目,none,https://www.hankyu.co.jp/files/upload/topics/220803/2023040_fare.pdf,cross_checked
阪急電鉄,三国,崇禅寺,5.2,6,200,0,200,三国>十三>南方>崇禅寺,none,https://www.hankyu.co.jp/files/upload/topics/220803/2023040_fare.pdf,cross_checked
阪急電鉄,三国,柴島,7.5,8,200,0,200,三国>十三>南方>崇禅寺>淡路>柴島,none,https://www.hankyu.co.jp/files/upload/topics/220803/2023040_fare.pdf,cross_checked
阪急電鉄,三国,淡路,6.2,7,200,0,200,三国>十三>南方>崇禅寺>淡路,none,https://www.hankyu.co.jp/files/upload/topics/220803/2023040_fare.pdf,cross_checked
阪急電鉄,三国,相川,9.2,10,240,0,240,三国>十三>南方>崇禅寺>淡路>上新庄>相川,none,https://www.hankyu.co.jp/files/upload/topics/220803/2023040_fare.pdf,cross_checked
阪急電鉄,三国,神崎川,3.7,4,170,0,170,三国>十三>神崎川,none,https://www.hankyu.co.jp/files/upload/topics/220803/2023040_fare.pdf,cross_checked
阪急電鉄,上新庄,下新庄,3.0,3,170,0,170,上新庄>淡路>下新庄,none,https://www.hankyu.co.jp/files/upload/topics/220803/2023040_fare.pdf,cross_checked
阪急電鉄,上新庄,中津,7.8,8,200,0,200,上新庄>淡路>崇禅寺>南方>十三>中津,none,https://www.hankyu.co.jp/files/upload/topics/220803/2023040_fare.pdf,cross_checked
阪急電鉄,上新庄,十三,6.3,7,200,0,200,上新庄>淡路>崇禅寺>南方>十三,none,https://www.hankyu.co.jp/files/upload/topics/220803/2023040_fare.pdf,cross_checked
阪急電鉄,上新庄,南方,4.4,5,200,0,200,上新庄>淡路>崇禅寺>南方,none,https://www.hankyu.co.jp/files/upload/topics/220803/2023040_fare.pdf,cross_checked
阪急電鉄,上新庄,大阪梅田,8.7,9,200,0,200,上新庄>淡路>崇禅寺>南方>十三>中津>大阪梅田,none,https://www.hankyu.co.jp/files/upload/topics/220803/2023040_fare.pdf,cross_checked
阪急電鉄,上新庄,天神橋筋六丁目,5.6,6,200,0,200,上新庄>淡路>柴島>天神橋筋六丁目,none,https://www.hankyu.co.jp/files/upload/topics/220803/2023040_fare.pdf,cross_checked
阪急電鉄,上新庄,崇禅寺,3.1,4,170,0,170,上新庄>淡路>崇禅寺,none,https://www.hankyu.co.jp/files/upload/topics/220803/2023040_fare.pdf,cross_checked
阪急電鉄,上新庄,柴島,3.4,4,170,0,170,上新庄>淡路>柴島,none,https://www.hankyu.co.jp/files/upload/topics/220803/2023040_fare.pdf,cross_checked
阪急電鉄,上新庄,淡路,2.1,3,170,0,170,上新庄>淡路,none,https://www.hankyu.co.jp/files/upload/topics/220803/2023040_fare.pdf,cross_checked
阪急電鉄,上新庄,相川,0.9,1,170,0,170,上新庄>相川,none,https://www.hankyu.co.jp/files/upload/topics/220803/2023040_fare.pdf,cross_checked
阪急電鉄,上新庄,神崎川,8.0,8,200,0,200,上新庄>淡路>崇禅寺>南方>十三>神崎川,none,https://www.hankyu.co.jp/files/upload/topics/220803/2023040_fare.pdf,cross_checked
阪急電鉄,下新庄,中津,6.6,7,200,0,200,下新庄>淡路>崇禅寺>南方>十三>中津,none,https://www.hankyu.co.jp/files/upload/topics/220803/2023040_fare.pdf,cross_checked
阪急電鉄,下新庄,十三,5.1,6,200,0,200,下新庄>淡路>崇禅寺>南方>十三,none,https://www.hankyu.co.jp/files/upload/topics/220803/2023040_fare.pdf,cross_checked
阪急電鉄,下新庄,南方,3.2,4,170,0,170,下新庄>淡路>崇禅寺>南方,none,https://www.hankyu.co.jp/files/upload/topics/220803/2023040_fare.pdf,cross_checked
阪急電鉄,下新庄,大阪梅田,7.5,8,200,0,200,下新庄>淡路>崇禅寺>南方>十三>中津>大阪梅田,none,https://www.hankyu.co.jp/files/upload/topics/220803/2023040_fare.pdf,cross_checked
阪急電鉄,下新庄,天神橋筋六丁目,4.4,5,200,0,200,下新庄>淡路>柴島>天神橋筋六丁目,none,https://www.hankyu.co.jp/files/upload/topics/220803/2023040_fare.pdf,cross_checked
阪急電鉄,下新庄,崇禅寺,1.9,2,170,0,170,下新庄>淡路>崇禅寺,none,https://www.hankyu.co.jp/files/upload/topics/220803/2023040_fare.pdf,cross_checked
阪急電鉄,下新庄,柴島,2.2,3,170,0,170,下新庄>淡路>柴島,none,https://www.hankyu.co.jp/files/upload/topics/220803/2023040_fare.pdf,cross_checked
阪急電鉄,下新庄,淡路,0.9,1,170,0,170,下新庄>淡路,none,https://www.hankyu.co.jp/files/upload/topics/220803/2023040_fare.pdf,cross_checked
阪急電鉄,下新庄,相川,3.9,4,170,0,170,下新庄>淡路>上新庄>相川,none,https://www.hankyu.co.jp/files/upload/topics/220803/2023040_fare.pdf,cross_checked
阪急電鉄,下新庄,神崎川,6.8,7,200,0,200,下新庄>淡路>崇禅寺>南方>十三>神崎川,none,https://www.hankyu.co.jp/files/upload/topics/220803/2023040_fare.pdf,cross_checked
阪急電鉄,中津,十三,1.5,2,170,0,170,中津>十三,none,https://www.hankyu.co.jp/files/upload/topics/220803/2023040_fare.pdf,cross_checked
阪急電鉄,中津,南方,3.4,4,170,0,170,中津>十三>南方,none,https://www.hankyu.co.jp/files/upload/topics/220803/2023040_fare.pdf,cross_checked
阪急電鉄,中津,大阪梅田,0.9,1,170,0,170,中津>大阪梅田,none,https://www.hankyu.co.jp/files/upload/topics/220803/2023040_fare.pdf,cross_checked
阪急電鉄,中津,天神橋筋六丁目,9.2,10,240,0,240,中津>十三>南方>崇禅寺>淡路>柴島>天神橋筋六丁目,none,https://www.hankyu.co.jp/files/upload/topics/220803/2023040_fare.pdf,cross_checked
阪急電鉄,中津,崇禅寺,4.7,5,200,0,200,中津>十三>南方>崇禅寺,none,https://www.hankyu.co.jp/files/upload/topics/220803/2023040_fare.pdf,cross_checked
阪急電鉄,中津,柴島,7.0,7,200,0,200,中津>十三>南方>崇禅寺>淡路>柴島,none,https://www.hankyu.co.jp/files/upload/topics/220803/2023040_fare.pdf,cross_checked
阪急電鉄,中津,淡路,5.7,6,200,0,200,中津>十三>南方>崇禅寺>淡路,none,https://www.hankyu.co.jp/files/upload/topics/220803/2023040_fare.pdf,cross_checked
阪急電鉄,中津,相川,8.7,9,200,0,200,中津>十三>南方>崇禅寺>淡路>上新庄>相川,none,https://www.hankyu.co.jp/files/upload/topics/220803/2023040_fare.pdf,cross_checked
阪急電鉄,中津,神崎川,3.2,4,170,0,170,中津>十三>神崎川,none,https://www.hankyu.co.jp/files/upload/topics/220803/2023040_fare.pdf,cross_checked
阪急電鉄,十三,南方,1.9,2,170,0,170,十三>南方,none,https://www.hankyu.co.jp/files/upload/topics/220803/2023040_fare.pdf,cross_checked
阪急電鉄,十三,大阪梅田,2.4,3,170,0,170,十三>中津>大阪梅田,none,https://www.hankyu.co.jp/files/upload/topics/220803/2023040_fare.pdf,cross_checked
阪急電鉄,十三,天神橋筋六丁目,7.7,8,200,0,200,十三>南方>崇禅寺>淡路>柴島>天神橋筋六丁目,none,https://www.hankyu.co.jp/files/upload/topics/220803/2023040_fare.pdf,cross_checked
阪急電鉄,十三,崇禅寺,3.2,4,170,0,170,十三>南方>崇禅寺,none,https://www.hankyu.co.jp/files/upload/topics/220803/2023040_fare.pdf,cross_checked
阪急電鉄,十三,柴島,5.5,6,200,0,200,十三>南方>崇禅寺>淡路>柴島,none,https://www.hankyu.co.jp/files/upload/topics/220803/2023040_fare.pdf,cross_checked
阪急電鉄,十三,淡路,4.2,5,200,0,200,十三>南方>崇禅寺>淡路,none,https://www.hankyu.co.jp/files/upload/topics/220803/2023040_fare.pdf,cross_checked
阪急電鉄,十三,相川,7.2,8,200,0,200,十三>南方>崇禅寺>淡路>上新庄>相川,none,https://www.hankyu.co.jp/files/upload/topics/220803/2023040_fare.pdf,cross_checked
阪急電鉄,十三,神崎川,1.7,2,170,0,170,十三>神崎川,none,https://www.hankyu.co.jp/files/upload/topics/220803/2023040_fare.pdf,cross_checked
阪急電鉄,南方,大阪梅田,4.3,5,200,0,200,南方>十三>中津>大阪梅田,none,https://www.hankyu.co.jp/files/upload/topics/220803/2023040_fare.pdf,cross_checked
阪急電鉄,南方,天神橋筋六丁目,5.8,6,200,0,200,南方>崇禅寺>淡路>柴島>天神橋筋六丁目,none,https://www.hankyu.co.jp/files/upload/topics/220803/2023040_fare.pdf,cross_checked
阪急電鉄,南方,崇禅寺,1.3,2,170,0,170,南方>崇禅寺,none,https://www.hankyu.co.jp/files/upload/topics/220803/2023040_fare.pdf,cross_checked
阪急電鉄,南方,柴島,3.6,4,170,0,170,南方>崇禅寺>淡路>柴島,none,https://www.hankyu.co.jp/files/upload/topics/220803/2023040_fare.pdf,cross_checked
阪急電鉄,南方,淡路,2.3,3,170,0,170,南方>崇禅寺>淡路,none,https://www.hankyu.co.jp/files/upload/topics/220803/2023040_fare.pdf,cross_checked
阪急電鉄,南方,相川,5.3,6,200,0,200,南方>崇禅寺>淡路>上新庄>相川,none,https://www.hankyu.co.jp/files/upload/topics/220803/2023040_fare.pdf,cross_checked
阪急電鉄,南方,神崎川,3.6,4,170,0,170,南方>十三>神崎川,none,https://www.hankyu.co.jp/files/upload/topics/220803/2023040_fare.pdf,cross_checked
阪急電鉄,大阪梅田,天神橋筋六丁目,10.1,11,240,0,240,大阪梅田>中津>十三>南方>崇禅寺>淡路>柴島>天神橋筋六丁目,none,https://www.hankyu.co.jp/files/upload/topics/220803/2023040_fare.pdf,cross_checked
阪急電鉄,大阪梅田,崇禅寺,5.6,6,200,0,200,大阪梅田>中津>十三>南方>崇禅寺,none,https://www.hankyu.co.jp/files/upload/topics/220803/2023040_fare.pdf,cross_checked
阪急電鉄,大阪梅田,柴島,7.9,8,200,0,200,大阪梅田>中津>十三>南方>崇禅寺>淡路>柴島,none,https://www.hankyu.co.jp/files/upload/topics/220803/2023040_fare.pdf,cross_checked
阪急電鉄,大阪梅田,淡路,6.6,7,200,0,200,大阪梅田>中津>十三>南方>崇禅寺>淡路,none,https://www.hankyu.co.jp/files/upload/topics/220803/2023040_fare.pdf,cross_checked
阪急電鉄,大阪梅田,相川,9.6,10,240,0,240,大阪梅田>中津>十三>南方>崇禅寺>淡路>上新庄>相川,none,https://www.hankyu.co.jp/files/upload/topics/220803/2023040_fare.pdf,cross_checked
阪急電鉄,大阪梅田,神崎川,4.1,5,200,0,200,大阪梅田>中津>十三>神崎川,none,https://www.hankyu.co.jp/files/upload/topics/220803/2023040_fare.pdf,cross_checked
阪急電鉄,天神橋筋六丁目,崇禅寺,4.5,5,200,0,200,天神橋筋六丁目>柴島>淡路>崇禅寺,none,https://www.hankyu.co.jp/files/upload/topics/220803/2023040_fare.pdf,cross_checked
阪急電鉄,天神橋筋六丁目,柴島,2.2,3,170,0,170,天神橋筋六丁目>柴島,none,https://www.hankyu.co.jp/files/upload/topics/220803/2023040_fare.pdf,cross_checked
阪急電鉄,天神橋筋六丁目,淡路,3.5,4,170,0,170,天神橋筋六丁目>柴島>淡路,none,https://www.hankyu.co.jp/files/upload/topics/220803/2023040_fare.pdf,cross_checked
阪急電鉄,天神橋筋六丁目,相川,6.5,7,200,0,200,天神橋筋六丁目>柴島>淡路>上新庄>相川,none,https://www.hankyu.co.jp/files/upload/topics/220803/2023040_fare.pdf,cross_checked
阪急電鉄,天神橋筋六丁目,神崎川,9.4,10,240,0,240,天神橋筋六丁目>柴島>淡路>崇禅寺>南方>十三>神崎川,none,https://www.hankyu.co.jp/files/upload/topics/220803/2023040_fare.pdf,cross_checked
阪急電鉄,崇禅寺,柴島,2.3,3,170,0,170,崇禅寺>淡路>柴島,none,https://www.hankyu.co.jp/files/upload/topics/220803/2023040_fare.pdf,cross_checked
阪急電鉄,崇禅寺,淡路,1.0,1,170,0,170,崇禅寺>淡路,none,https://www.hankyu.co.jp/files/upload/topics/220803/2023040_fare.pdf,cross_checked
阪急電鉄,崇禅寺,相川,4.0,4,170,0,170,崇禅寺>淡路>上新庄>相川,none,https://www.hankyu.co.jp/files/upload/topics/220803/2023040_fare.pdf,cross_checked
阪急電鉄,崇禅寺,神崎川,4.9,5,200,0,200,崇禅寺>南方>十三>神崎川,none,https://www.hankyu.co.jp/files/upload/topics/220803/2023040_fare.pdf,cross_checked
阪急電鉄,柴島,淡路,1.3,2,170,0,170,柴島>淡路,none,https://www.hankyu.co.jp/files/upload/topics/220803/2023040_fare.pdf,cross_checked
阪急電鉄,柴島,相川,4.3,5,200,0,200,柴島>淡路>上新庄>相川,none,https://www.hankyu.co.jp/files/upload/topics/220803/2023040_fare.pdf,cross_checked
阪急電鉄,柴島,神崎川,7.2,8,200,0,200,柴島>淡路>崇禅寺>南方>十三>神崎川,none,https://www.hankyu.co.jp/files/upload/topics/220803/2023040_fare.pdf,cross_checked
阪急電鉄,淡路,相川,3.0,3,170,0,170,淡路>上新庄>相川,none,https://www.hankyu.co.jp/files/upload/topics/220803/2023040_fare.pdf,cross_checked
阪急電鉄,淡路,神崎川,5.9,6,200,0,200,淡路>崇禅寺>南方>十三>神崎川,none,https://www.hankyu.co.jp/files/upload/topics/220803/2023040_fare.pdf,cross_checked
阪急電鉄,相川,神崎川,8.9,9,200,0,200,相川>上新庄>淡路>崇禅寺>南方>十三>神崎川,none,https://www.hankyu.co.jp/files/upload/topics/220803/2023040_fare.pdf,cross_checked
阪神電鉄,ドーム前,九条,0.6,1,160,60,220,ドーム前>九条,阪神なんば線加算運賃+60,https://www.hanshin.co.jp/ticket/,official
阪神電鉄,ドーム前,伝法,3.4,4,160,60,220,ドーム前>九条>西九条>千鳥橋>伝法,阪神なんば線加算運賃+60,https://www.hanshin.co.jp/ticket/,official
阪神電鉄,ドーム前,出来島,5.9,6,200,90,290,ドーム前>九条>西九条>千鳥橋>伝法>福>出来島,阪神なんば線加算運賃+90,https://www.hanshin.co.jp/ticket/,official
阪神電鉄,ドーム前,千船,9.4,10,250,90,340,ドーム前>九条>西九条>千鳥橋>伝法>福>出来島>大物>杭瀬>千船,阪神なんば線加算運賃+90,https://www.hanshin.co.jp/ticket/,official
阪神電鉄,ドーム前,千鳥橋,2.7,3,160,60,220,ドーム前>九条>西九条>千鳥橋,阪神なんば線加算運賃+60,https://www.hanshin.co.jp/ticket/,official
阪神電鉄,ドーム前,大物,7.3,8,200,90,290,ドーム前>九条>西九条>千鳥橋>伝法>福>出来島>大物,阪神なんば線加算運賃+90,https://www.hanshin.co.jp/ticket/,official
阪神電鉄,ドーム前,大阪梅田,15.3,16,280,90,370,ドーム前>九条>西九条>千鳥橋>伝法>福>出来島>大物>杭瀬>千船>姫島>淀川>野田>福島>大阪梅田,阪神なんば線加算運賃+90,https://www.hanshin.co.jp/ticket/,official
阪神電鉄,ドーム前,大阪難波,1.9,2,160,60,220,ドーム前>桜川>大阪難波,阪神なんば線加算運賃+60,https://www.hanshin.co.jp/ticket/,official
阪神電鉄,ドーム前,姫島,10.9,11,250,90,340,ドーム前>九条>西九条>千鳥橋>伝法>福>出来島>大物>杭瀬>千船>姫島,阪神なんば線加算運賃+90,https://www.hanshin.co.jp/ticket/,official
阪神電鉄,ドーム前,尼崎,8.2,9,250,90,340,ドーム前>九条>西九条>千鳥橋>伝法>福>出来島>大物>尼崎,阪神なんば線加算運賃+90,https://www.hanshin.co.jp/ticket/,official
阪神電鉄,ドーム前,杭瀬,8.5,9,250,90,340,ドーム前>九条>西九条>千鳥橋>伝法>福>出来島>大物>杭瀬,阪神なんば線加算運賃+90,https://www.hanshin.co.jp/ticket/,official
阪神電鉄,ドーム前,桜川,0.8,1,160,60,220,ドーム前>桜川,阪神なんば線加算運賃+60,https://www.hanshin.co.jp/ticket/,official
阪神電鉄,ドーム前,淀川,12.0,12,250,90,340,ドーム前>九条>西九条>千鳥橋>伝法>福>出来島>大物>杭瀬>千船>姫島>淀川,阪神なんば線加算運賃+90,https://www.hanshin.co.jp/ticket/,official
阪神電鉄,ドーム前,福,4.9,5,200,90,290,ドーム前>九条>西九条>千鳥橋>伝法>福,阪神なんば線加算運賃+90,https://www.hanshin.co.jp/ticket/,official
阪神電鉄,ドーム前,福島,14.2,15,280,90,370,ドーム前>九条>西九条>千鳥橋>伝法>福>出来島>大物>杭瀬>千船>姫島>淀川>野田>福島,阪神なんば線加算運賃+90,https://www.hanshin.co.jp/ticket/,official
阪神電鉄,ドーム前,西九条,1.9,2,160,60,220,ドーム前>九条>西九条,阪神なんば線加算運賃+60,https://www.hanshin.co.jp/ticket/,official
阪神電鉄,ドーム前,野田,13.0,13,250,90,340,ドーム前>九条>西九条>千鳥橋>伝法>福>出来島>大物>杭瀬>千船>姫島>淀川>野田,阪神なんば線加算運賃+90,https://www.hanshin.co.jp/ticket/,official
阪神電鉄,九条,伝法,2.8,3,160,60,220,九条>西九条>千鳥橋>伝法,阪神なんば線加算運賃+60,https://www.hanshin.co.jp/ticket/,official
阪神電鉄,九条,出来島,5.3,6,200,90,290,九条>西九条>千鳥橋>伝法>福>出来島,阪神なんば線加算運賃+90,https://www.hanshin.co.jp/ticket/,official
阪神電鉄,九条,千船,8.8,9,250,90,340,九条>西九条>千鳥橋>伝法>福>出来島>大物>杭瀬>千船,阪神なんば線加算運賃+90,https://www.hanshin.co.jp/ticket/,official
阪神電鉄,九条,千鳥橋,2.1,3,160,60,220,九条>西九条>千鳥橋,阪神なんば線加算運賃+60,https://www.hanshin.co.jp/ticket/,official
阪神電鉄,九条,大物,6.7,7,200,90,290,九条>西九条>千鳥橋>伝法>福>出来島>大物,阪神なんば線加算運賃+90,https://www.hanshin.co.jp/ticket/,official
阪神電鉄,九条,大阪梅田,14.7,15,280,90,370,九条>西九条>千鳥橋>伝法>福>出来島>大物>杭瀬>千船>姫島>淀川>野田>福島>大阪梅田,阪神なんば線加算運賃+90,https://www.hanshin.co.jp/ticket/,official
阪神電鉄,九条,大阪難波,2.5,3,160,60,220,九条>ドーム前>桜川>大阪難波,阪神なんば線加算運賃+60,https://www.hanshin.co.jp/ticket/,official
阪神電鉄,九条,姫島,10.3,11,250,90,340,九条>西九条>千鳥橋>伝法>福>出来島>大物>杭瀬>千船>姫島,阪神なんば線加算運賃+90,https://www.hanshin.co.jp/ticket/,official
阪神電鉄,九条,尼崎,7.6,8,200,90,290,九条>西九条>千鳥橋>伝法>福>出来島>大物>尼崎,阪神なんば線加算運賃+90,https://www.hanshin.co.jp/ticket/,official
阪神電鉄,九条,杭瀬,7.9,8,200,90,290,九条>西九条>千鳥橋>伝法>福>出来島>大物>杭瀬,阪神なんば線加算運賃+90,https://www.hanshin.co.jp/ticket/,official
阪神電鉄,九条,桜川,1.4,2,160,60,220,九条>ドーム前>桜川,阪神なんば線加算運賃+60,https://www.hanshin.co.jp/ticket/,official
阪神電鉄,九条,淀川,11.4,12,250,90,340,九条>西九条>千鳥橋>伝法>福>出来島>大物>杭瀬>千船>姫島>淀川,阪神なんば線加算運賃+90,https://www.hanshin.co.jp/ticket/,official
阪神電鉄,九条,福,4.3,5,200,90,290,九条>西九条>千鳥橋>伝法>福,阪神なんば線加算運賃+90,https://www.hanshin.co.jp/ticket/,official
阪神電鉄,九条,福島,13.6,14,280,90,370,九条>西九条>千鳥橋>伝法>福>出来島>大物>杭瀬>千船>姫島>淀川>野田>福島,阪神なんば線加算運賃+90,https://www.hanshin.co.jp/ticket/,official
阪神電鉄,九条,西九条,1.3,2,160,60,220,九条>西九条,阪神なんば線加算運賃+60,https://www.hanshin.co.jp/ticket/,official
阪神電鉄,九条,野田,12.4,13,250,90,340,九条>西九条>千鳥橋>伝法>福>出来島>大物>杭瀬>千船>姫島>淀川>野田,阪神なんば線加算運賃+90,https://www.hanshin.co.jp/ticket/,official
阪神電鉄,伝法,出来島,2.5,3,160,0,160,伝法>福>出来島,none,https://www.hanshin.co.jp/ticket/,official
阪神電鉄,伝法,千船,6.0,6,200,0,200,伝法>福>出来島>大物>杭瀬>千船,none,https://www.hanshin.co.jp/ticket/,official
阪神電鉄,伝法,千鳥橋,0.7,1,160,0,160,伝法>千鳥橋,none,https://www.hanshin.co.jp/ticket/,official
阪神電鉄,伝法,大物,3.9,4,160,0,160,伝法>福>出来島>大物,none,https://www.hanshin.co.jp/ticket/,official
阪神電鉄,伝法,大阪梅田,11.9,12,250,0,250,伝法>福>出来島>大物>杭瀬>千船>姫島>淀川>野田>福島>大阪梅田,none,https://www.hanshin.co.jp/ticket/,official
阪神電鉄,伝法,大阪難波,5.3,6,200,90,290,伝法>千鳥橋>西九条>九条>ドーム前>桜川>大阪難波,阪神なんば線加算運賃+90,https://www.hanshin.co.jp/ticket/,official
阪神電鉄,伝法,姫島,7.5,8,200,0,200,伝法>福>出来島>大物>杭瀬>千船>姫島,none,https://www.hanshin.co.jp/ticket/,official
阪神電鉄,伝法,尼崎,4.8,5,200,0,200,伝法>福>出来島>大物>尼崎,none,https://www.hanshin.co.jp/ticket/,official
阪神電鉄,伝法,杭瀬,5.1,6,200,0,200,伝法>福>出来島>大物>杭瀬,none,https://www.hanshin.co.jp/ticket/,official
阪神電鉄,伝法,桜川,4.2,5,200,90,290,伝法>千鳥橋>西九条>九条>ドーム前>桜川,阪神なんば線加算運賃+90,https://www.hanshin.co.jp/ticket/,official
阪神電鉄,伝法,淀川,8.6,9,250,0,250,伝法>福>出来島>大物>杭瀬>千船>姫島>淀川,none,https://www.hanshin.co.jp/ticket/,official
阪神電鉄,伝法,福,1.5,2,160,0,160,伝法>福,none,https://www.hanshin.co.jp/ticket/,official
阪神電鉄,伝法,福島,10.8,11,250,0,250,伝法>福>出来島>大物>杭瀬>千船>姫島>淀川>野田>福島,none,https://www.hanshin.co.jp/ticket/,official
阪神電鉄,伝法,西九条,1.5,2,160,0,160,伝法>千鳥橋>西九条,none,https://www.hanshin.co.jp/ticket/,official
阪神電鉄,伝法,野田,9.6,10,250,0,250,伝法>福>出来島>大物>杭瀬>千船>姫島>淀川>野田,none,https://www.hanshin.co.jp/ticket/,official
阪神電鉄,出来島,千船,3.5,4,160,0,160,出来島>大物>杭瀬>千船,none,https://www.hanshin.co.jp/ticket/,official
阪神電鉄,出来島,千鳥橋,3.2,4,160,0,160,出来島>福>伝法>千鳥橋,none,https://www.hanshin.co.jp/ticket/,official
阪神電鉄,出来島,大物,1.4,2,160,0,160,出来島>大物,none,https://www.hanshin.co.jp/ticket/,official
阪神電鉄,出来島,大阪梅田,9.4,10,250,0,250,出来島>大物>杭瀬>千船>姫島>淀川>野田>福島>大阪梅田,none,https://www.hanshin.co.jp/ticket/,official
阪神電鉄,出来島,大阪難波,7.8,8,200,90,290,出来島>福>伝法>千鳥橋>西九条>九条>ドーム前>桜川>大阪難波,阪神なんば線加算運賃+90,https://www.hanshin.co.jp/ticket/,official
阪神電鉄,出来島,姫島,5.0,5,200,0,200,出来島>大物>杭瀬>千船>姫島,none,https://www.hanshin.co.jp/ticket/,official
阪神電鉄,出来島,尼崎,2.3,3,160,0,160,出来島>大物>尼崎,none,https://www.hanshin.co.jp/ticket/,official
阪神電鉄,出来島,杭瀬,2.6,3,160,0,160,出来島>大物>杭瀬,none,https://www.hanshin.co.jp/ticket/,official
阪神電鉄,出来島,桜川,6.7,7,200,90,290,出来島>福>伝法>千鳥橋>西九条>九条>ドーム前>桜川,阪神なんば線加算運賃+90,https://www.hanshin.co.jp/ticket/,official
阪神電鉄,出来島,淀川,6.1,7,200,0,200,出来島>大物>杭瀬>千船>姫島>淀川,none,https://www.hanshin.co.jp/ticket/,official
阪神電鉄,出来島,福,1.0,1,160,0,160,出来島>福,none,https://www.hanshin.co.jp/ticket/,official
阪神電鉄,出来島,福島,8.3,9,250,0,250,出来島>大物>杭瀬>千船>姫島>淀川>野田>福島,none,https://www.hanshin.co.jp/ticket/,official
阪神電鉄,出来島,西九条,4.0,4,160,0,160,出来島>福>伝法>千鳥橋>西九条,none,https://www.hanshin.co.jp/ticket/,official
阪神電鉄,出来島,野田,7.1,8,200,0,200,出来島>大物>杭瀬>千船>姫島>淀川>野田,none,https://www.hanshin.co.jp/ticket/,official
阪神電鉄,千船,千鳥橋,6.7,7,200,0,200,千船>杭瀬>大物>出来島>福>伝法>千鳥橋,none,https://www.hanshin.co.jp/ticket/,official
阪神電鉄,千船,大物,2.1,3,160,0,160,千船>杭瀬>大物,none,https://www.hanshin.co.jp/ticket/,official
阪神電鉄,千船,大阪梅田,5.9,6,200,0,200,千船>姫島>淀川>野田>福島>大阪梅田,none,https://www.hanshin.co.jp/ticket/,official
阪神電鉄,千船,大阪難波,11.3,12,250,90,340,千船>杭瀬>大物>出来島>福>伝法>千鳥橋>西九条>九条>ドーム前>桜川>大阪難波,阪神なんば線加算運賃+90,https://www.hanshin.co.jp/ticket/,official
阪神電鉄,千船,姫島,1.5,2,160,0,160,千船>姫島,none,https://www.hanshin.co.jp/ticket/,official
阪神電鉄,千船,尼崎,3.0,3,160,0,160,千船>杭瀬>大物>尼崎,none,https://www.hanshin.co.jp/ticket/,official
阪神電鉄,千船,杭瀬,0.9,1,160,0,160,千船>杭瀬,none,https://www.hanshin.co.jp/ticket/,official
阪神電鉄,千船,桜川,10.2,11,250,90,340,千船>杭瀬>大物>出来島>福>伝法>千鳥橋>西九条>九条>ドーム前>桜川,阪神なんば線加算運賃+90,https://www.hanshin.co.jp/ticket/,official
阪神電鉄,千船,淀川,2.6,3,160,0,160,千船>姫島>淀川,none,https://www.hanshin.co.jp/ticket/,official
阪神電鉄,千船,福,4.5,5,200,0,200,千船>杭瀬>大物>出来島>福,none,https://www.hanshin.co.jp/ticket/,official
阪神電鉄,千船,福島,4.8,5,200,0,200,千船>姫島>淀川>野田>福島,none,https://www.hanshin.co.jp/ticket/,official
阪神電鉄,千船,西九条,7.5,8,200,0,200,千船>杭瀬>大物>出来島>福>伝法>千鳥橋>西九条,none,https://www.hanshin.co.jp/ticket/,official
阪神電鉄,千船,野田,3.6,4,160,0,160,千船>姫島>淀川>野田,none,https://www.hanshin.co.jp/ticket/,official
阪神電鉄,千鳥橋,大物,4.6,5,200,0,200,千鳥橋>伝法>福>出来島>大物,none,https://www.hanshin.co.jp/ticket/,official
阪神電鉄,千鳥橋,大阪梅田,12.6,13,250,0,250,千鳥橋>伝法>福>出来島>大物>杭瀬>千船>姫島>淀川>野田>福島>大阪梅田,none,https://www.hanshin.co.jp/ticket/,official
阪神電鉄,千鳥橋,大阪難波,4.6,5,200,90,290,千鳥橋>西九条>九条>ドーム前>桜川>大阪難波,阪神なんば線加算運賃+90,https://www.hanshin.co.jp/ticket/,official
阪神電鉄,千鳥橋,姫島,8.2,9,250,0,250,千鳥橋>伝法>福>出来島>大物>杭瀬>千船>姫島,none,https://www.hanshin.co.jp/ticket/,official
阪神電鉄,千鳥橋,尼崎,5.5,6,200,0,200,千鳥橋>伝法>福>出来島>大物>尼崎,none,https://www.hanshin.co.jp/ticket/,official
阪神電鉄,千鳥橋,杭瀬,5.8,6,200,0,200,千鳥橋>伝法>福>出来島>大物>杭瀬,none,https://www.hanshin.co.jp/ticket/,official
阪神電鉄,千鳥橋,桜川,3.5,4,160,60,220,千鳥橋>西九条>九条>ドーム前>桜川,阪神なんば線加算運賃+60,https://www.hanshin.co.jp/ticket/,official
阪神電鉄,千鳥橋,淀川,9.3,10,250,0,250,千鳥橋>伝法>福>出来島>大物>杭瀬>千船>姫島>淀川,none,https://www.hanshin.co.jp/ticket/,official
阪神電鉄,千鳥橋,福,2.2,3,160,0,160,千鳥橋>伝法>福,none,https://www.hanshin.co.jp/ticket/,official
阪神電鉄,千鳥橋,福島,11.5,12,250,0,250,千鳥橋>伝法>福>出来島>大物>杭瀬>千船>姫島>淀川>野田>福島,none,https://www.hanshin.co.jp/ticket/,official
阪神電鉄,千鳥橋,西九条,0.8,1,160,0,160,千鳥橋>西九条,none,https://www.hanshin.co.jp/ticket/,official
阪神電鉄,千鳥橋,野田,10.3,11,250,0,250,千鳥橋>伝法>福>出来島>大物>杭瀬>千船>姫島>淀川>野田,none,https://www.hanshin.co.jp/ticket/,official
阪神電鉄,大物,大阪梅田,8.0,8,200,0,200,大物>杭瀬>千船>姫島>淀川>野田>福島>大阪梅田,none,https://www.hanshin.co.jp/ticket/,official
阪神電鉄,大物,大阪難波,9.2,10,250,90,340,大物>出来島>福>伝法>千鳥橋>西九条>九条>ドーム前>桜川>大阪難波,阪神なんば線加算運賃+90,https://www.hanshin.co.jp/ticket/,official
阪神電鉄,大物,姫島,3.6,4,160,0,160,大物>杭瀬>千船>姫島,none,https://www.hanshin.co.jp/ticket/,official
阪神電鉄,大物,尼崎,0.9,1,160,0,160,大物>尼崎,none,https://www.hanshin.co.jp/ticket/,official
阪神電鉄,大物,杭瀬,1.2,2,160,0,160,大物>杭瀬,none,https://www.hanshin.co.jp/ticket/,official
阪神電鉄,大物,桜川,8.1,9,250,90,340,大物>出来島>福>伝法>千鳥橋>西九条>九条>ドーム前>桜川,阪神なんば線加算運賃+90,https://www.hanshin.co.jp/ticket/,official
阪神電鉄,大物,淀川,4.7,5,200,0,200,大物>杭瀬>千船>姫島>淀川,none,https://www.hanshin.co.jp/ticket/,official
阪神電鉄,大物,福,2.4,3,160,0,160,大物>出来島>福,none,https://www.hanshin.co.jp/ticket/,official
阪神電鉄,大物,福島,6.9,7,200,0,200,大物>杭瀬>千船>姫島>淀川>野田>福島,none,https://www.hanshin.co.jp/ticket/,official
阪神電鉄,大物,西九条,5.4,6,200,0,200,大物>出来島>福>伝法>千鳥橋>西九条,none,https://www.hanshin.co.jp/ticket/,official
阪神電鉄,大物,野田,5.7,6,200,0,200,大物>杭瀬>千船>姫島>淀川>野田,none,https://www.hanshin.co.jp/ticket/,official
阪神電鉄,大阪梅田,大阪難波,17.2,18,280,90,370,大阪梅田>福島>野田>淀川>姫島>千船>杭瀬>大物>出来島>福>伝法>千鳥橋>西九条>九条>ドーム前>桜川>大阪難波,阪神なんば線加算運賃+90,https://www.hanshin.co.jp/ticket/,official
阪神電鉄,大阪梅田,姫島,4.4,5,200,0,200,大阪梅田>福島>野田>淀川>姫島,none,https://www.hanshin.co.jp/ticket/,official
阪神電鉄,大阪梅田,尼崎,8.9,9,250,0,250,大阪梅田>福島>野田>淀川>姫島>千船>杭瀬>大物>尼崎,none,https://www.hanshin.co.jp/ticket/,official
阪神電鉄,大阪梅田,杭瀬,6.8,7,200,0,200,大阪梅田>福島>野田>淀川>姫島>千船>杭瀬,none,https://www.hanshin.co.jp/ticket/,official
阪神電鉄,大阪梅田,桜川,16.1,17,280,90,370,大阪梅田>福島>野田>淀川>姫島>千船>杭瀬>大物>出来島>福>伝法>千鳥橋>西九条>九条>ドーム前>桜川,阪神なんば線加算運賃+90,https://www.hanshin.co.jp/ticket/,official
阪神電鉄,大阪梅田,淀川,3.3,4,160,0,160,大阪梅田>福島>野田>淀川,none,https://www.hanshin.co.jp/ticket/,official
阪神電鉄,大阪梅田,福,10.4,11,250,0,250,大阪梅田>福島>野田>淀川>姫島>千船>杭瀬>大物>出来島>福,none,https://www.hanshin.co.jp/ticket/,official
阪神電鉄,大阪梅田,福島,1.1,2,160,0,160,大阪梅田>福島,none,https://www.hanshin.co.jp/ticket/,official
阪神電鉄,大阪梅田,西九条,13.4,14,280,0,280,大阪梅田>福島>野田>淀川>姫島>千船>杭瀬>大物>出来島>福>伝法>千鳥橋>西九条,none,https://www.hanshin.co.jp/ticket/,official
阪神電鉄,大阪梅田,野田,2.3,3,160,0,160,大阪梅田>福島>野田,none,https://www.hanshin.co.jp/ticket/,official
阪神電鉄,大阪難波,姫島,12.8,13,250,90,340,大阪難波>桜川>ドーム前>九条>西九条>千鳥橋>伝法>福>出来島>大物>杭瀬>千船>姫島,阪神なんば線加算運賃+90,https://www.hanshin.co.jp/ticket/,official
阪神電鉄,大阪難波,尼崎,10.1,11,250,90,340,大阪難波>桜川>ドーム前>九条>西九条>千鳥橋>伝法>福>出来島>大物>尼崎,阪神なんば線加算運賃+90,https://www.hanshin.co.jp/ticket/,official
阪神電鉄,大阪難波,杭瀬,10.4,11,250,90,340,大阪難波>桜川>ドーム前>九条>西九条>千鳥橋>伝法>福>出来島>大物>杭瀬,阪神なんば線加算運賃+90,https://www.hanshin.co.jp/ticket/,official
阪神電鉄,大阪難波,桜川,1.1,2,160,60,220,大阪難波>桜川,阪神なんば線加算運賃+60,https://www.hanshin.co.jp/ticket/,official
阪神電鉄,大阪難波,淀川,13.9,14,280,90,370,大阪難波>桜川>ドーム前>九条>西九条>千鳥橋>伝法>福>出来島>大物>杭瀬>千船>姫島>淀川,阪神なんば線加算運賃+90,https://www.hanshin.co.jp/ticket/,official
阪神電鉄,大阪難波,福,6.8,7,200,90,290,大阪難波>桜川>ドーム前>九条>西九条>千鳥橋>伝法>福,阪神なんば線加算運賃+90,https://www.hanshin.co.jp/ticket/,official
阪神電鉄,大阪難波,福島,16.1,17,280,90,370,大阪難波>桜川>ドーム前>九条>西九条>千鳥橋>伝法>福>出来島>大物>杭瀬>千船>姫島>淀川>野田>福島,阪神なんば線加算運賃+90,https://www.hanshin.co.jp/ticket/,official
阪神電鉄,大阪難波,西九条,3.8,4,160,60,220,大阪難波>桜川>ドーム前>九条>西九条,阪神なんば線加算運賃+60,https://www.hanshin.co.jp/ticket/,official
阪神電鉄,大阪難波,野田,14.9,15,280,90,370,大阪難波>桜川>ドーム前>九条>西九条>千鳥橋>伝法>福>出来島>大物>杭瀬>千船>姫島>淀川>野田,阪神なんば線加算運賃+90,https://www.hanshin.co.jp/ticket/,official
阪神電鉄,姫島,尼崎,4.5,5,200,0,200,姫島>千船>杭瀬>大物>尼崎,none,https://www.hanshin.co.jp/ticket/,official
阪神電鉄,姫島,杭瀬,2.4,3,160,0,160,姫島>千船>杭瀬,none,https://www.hanshin.co.jp/ticket/,official
阪神電鉄,姫島,桜川,11.7,12,250,90,340,姫島>千船>杭瀬>大物>出来島>福>伝法>千鳥橋>西九条>九条>ドーム前>桜川,阪神なんば線加算運賃+90,https://www.hanshin.co.jp/ticket/,official
阪神電鉄,姫島,淀川,1.1,2,160,0,160,姫島>淀川,none,https://www.hanshin.co.jp/ticket/,official
阪神電鉄,姫島,福,6.0,6,200,0,200,姫島>千船>杭瀬>大物>出来島>福,none,https://www.hanshin.co.jp/ticket/,official
阪神電鉄,姫島,福島,3.3,4,160,0,160,姫島>淀川>野田>福島,none,https://www.hanshin.co.jp/ticket/,official
阪神電鉄,姫島,西九条,9.0,9,250,0,250,姫島>千船>杭瀬>大物>出来島>福>伝法>千鳥橋>西九条,none,https://www.hanshin.co.jp/ticket/,official
阪神電鉄,姫島,野田,2.1,3,160,0,160,姫島>淀川>野田,none,https://www.hanshin.co.jp/ticket/,official
阪神電鉄,尼崎,杭瀬,2.1,3,160,0,160,尼崎>大物>杭瀬,none,https://www.hanshin.co.jp/ticket/,official
阪神電鉄,尼崎,桜川,9.0,9,250,90,340,尼崎>大物>出来島>福>伝法>千鳥橋>西九条>九条>ドーム前>桜川,阪神なんば線加算運賃+90,https://www.hanshin.co.jp/ticket/,official
阪神電鉄,尼崎,淀川,5.6,6,200,0,200,尼崎>大物>杭瀬>千船>姫島>淀川,none,https://www.hanshin.co.jp/ticket/,official
阪神電鉄,尼崎,福,3.3,4,160,0,160,尼崎>大物>出来島>福,none,https://www.hanshin.co.jp/ticket/,official
阪神電鉄,尼崎,福島,7.8,8,200,0,200,尼崎>大物>杭瀬>千船>姫島>淀川>野田>福島,none,https://www.hanshin.co.jp/ticket/,official
阪神電鉄,尼崎,西九条,6.3,7,200,0,200,尼崎>大物>出来島>福>伝法>千鳥橋>西九条,none,https://www.hanshin.co.jp/ticket/,official
阪神電鉄,尼崎,野田,6.6,7,200,0,200,尼崎>大物>杭瀬>千船>姫島>淀川>野田,none,https://www.hanshin.co.jp/ticket/,official
阪神電鉄,杭瀬,桜川,9.3,10,250,90,340,杭瀬>大物>出来島>福>伝法>千鳥橋>西九条>九条>ドーム前>桜川,阪神なんば線加算運賃+90,https://www.hanshin.co.jp/ticket/,official
阪神電鉄,杭瀬,淀川,3.5,4,160,0,160,杭瀬>千船>姫島>淀川,none,https://www.hanshin.co.jp/ticket/,official
阪神電鉄,杭瀬,福,3.6,4,160,0,160,杭瀬>大物>出来島>福,none,https://www.hanshin.co.jp/ticket/,official
阪神電鉄,杭瀬,福島,5.7,6,200,0,200,杭瀬>千船>姫島>淀川>野田>福島,none,https://www.hanshin.co.jp/ticket/,official
阪神電鉄,杭瀬,西九条,6.6,7,200,0,200,杭瀬>大物>出来島>福>伝法>千鳥橋>西九条,none,https://www.hanshin.co.jp/ticket/,official
阪神電鉄,杭瀬,野田,4.5,5,200,0,200,杭瀬>千船>姫島>淀川>野田,none,https://www.hanshin.co.jp/ticket/,official
阪神電鉄,桜川,淀川,12.8,13,250,90,340,桜川>ドーム前>九条>西九条>千鳥橋>伝法>福>出来島>大物>杭瀬>千船>姫島>淀川,阪神なんば線加算運賃+90,https://www.hanshin.co.jp/ticket/,official
阪神電鉄,桜川,福,5.7,6,200,90,290,桜川>ドーム前>九条>西九条>千鳥橋>伝法>福,阪神なんば線加算運賃+90,https://www.hanshin.co.jp/ticket/,official
阪神電鉄,桜川,福島,15.0,15,280,90,370,桜川>ドーム前>九条>西九条>千鳥橋>伝法>福>出来島>大物>杭瀬>千船>姫島>淀川>野田>福島,阪神なんば線加算運賃+90,https://www.hanshin.co.jp/ticket/,official
阪神電鉄,桜川,西九条,2.7,3,160,60,220,桜川>ドーム前>九条>西九条,阪神なんば線加算運賃+60,https://www.hanshin.co.jp/ticket/,official
阪神電鉄,桜川,野田,13.8,14,280,90,370,桜川>ドーム前>九条>西九条>千鳥橋>伝法>福>出来島>大物>杭瀬>千船>姫島>淀川>野田,阪神なんば線加算運賃+90,https://www.hanshin.co.jp/ticket/,official
阪神電鉄,淀川,福,7.1,8,200,0,200,淀川>姫島>千船>杭瀬>大物>出来島>福,none,https://www.hanshin.co.jp/ticket/,official
阪神電鉄,淀川,福島,2.2,3,160,0,160,淀川>野田>福島,none,https://www.hanshin.co.jp/ticket/,official
阪神電鉄,淀川,西九条,10.1,11,250,0,250,淀川>姫島>千船>杭瀬>大物>出来島>福>伝法>千鳥橋>西九条,none,https://www.hanshin.co.jp/ticket/,official
阪神電鉄,淀川,野田,1.0,1,160,0,160,淀川>野田,none,https://www.hanshin.co.jp/ticket/,official
阪神電鉄,福,福島,9.3,10,250,0,250,福>出来島>大物>杭瀬>千船>姫島>淀川>野田>福島,none,https://www.hanshin.co.jp/ticket/,official
阪神電鉄,福,西九条,3.0,3,160,0,160,福>伝法>千鳥橋>西九条,none,https://www.hanshin.co.jp/ticket/,official
阪神電鉄,福,野田,8.1,9,250,0,250,福>出来島>大物>杭瀬>千船>姫島>淀川>野田,none,https://www.hanshin.co.jp/ticket/,official
阪神電鉄,福島,西九条,12.3,13,250,0,250,福島>野田>淀川>姫島>千船>杭瀬>大物>出来島>福>伝法>千鳥橋>西九条,none,https://www.hanshin.co.jp/ticket/,official
阪神電鉄,福島,野田,1.2,2,160,0,160,福島>野田,none,https://www.hanshin.co.jp/ticket/,official
阪神電鉄,西九条,野田,11.1,12,250,0,250,西九条>千鳥橋>伝法>福>出来島>大物>杭瀬>千船>姫島>淀川>野田,none,https://www.hanshin.co.jp/ticket/,official
