operator,line,station_a,station_b,business_km,source_quality,source_url,notes
阪急電鉄,神戸本線,大阪梅田,中津,0.9,cross_checked,https://www.hankyu.co.jp/files/upload/topics/220803/2023040_fare.pdf,Covered-section adjacent km cross-checked; fare rule official.
阪急電鉄,神戸本線,中津,十三,1.5,cross_checked,https://www.hankyu.co.jp/files/upload/topics/220803/2023040_fare.pdf,Covered-section adjacent km cross-checked; fare rule official.
阪急電鉄,神戸本線,十三,神崎川,1.7,cross_checked,https://www.hankyu.co.jp/files/upload/topics/220803/2023040_fare.pdf,Covered-section adjacent km cross-checked; fare rule official.
阪急電鉄,宝塚本線,十三,三国,2.0,cross_checked,https://www.hankyu.co.jp/files/upload/topics/220803/2023040_fare.pdf,2026 current route distance cross-check: 十三–三国 2.0 km; fare rule official.
阪急電鉄,京都本線,十三,南方,1.9,cross_checked,https://www.hankyu.co.jp/files/upload/topics/220803/2023040_fare.pdf,Covered-section adjacent km cross-checked; fare rule official.
阪急電鉄,京都本線,南方,崇禅寺,1.3,cross_checked,https://www.hankyu.co.jp/files/upload/topics/220803/2023040_fare.pdf,Covered-section adjacent km cross-checked; fare rule official.
阪急電鉄,京都本線,崇禅寺,淡路,1.0,cross_checked,https://www.hankyu.co.jp/files/upload/topics/220803/2023040_fare.pdf,Covered-section adjacent km cross-checked; fare rule official.
阪急電鉄,京都本線,淡路,上新庄,2.1,cross_checked,https://www.hankyu.co.jp/files/upload/topics/220803/2023040_fare.pdf,Covered-section adjacent km cross-checked; fare rule official.
阪急電鉄,京都本線,上新庄,相川,0.9,cross_checked,https://www.hankyu.co.jp/files/upload/topics/220803/2023040_fare.pdf,Covered-section adjacent km cross-checked; fare rule official.
阪急電鉄,千里線,天神橋筋六丁目,柴島,2.2,cross_checked,https://www.hankyu.co.jp/files/upload/topics/220803/2023040_fare.pdf,Covered-section adjacent km cross-checked; fare rule official.
阪急電鉄,千里線,柴島,淡路,1.3,cross_checked,https://www.hankyu.co.jp/files/upload/topics/220803/2023040_fare.pdf,Covered-section adjacent km cross-checked; fare rule official.
阪急電鉄,千里線,淡路,下新庄,0.9,cross_checked,https://www.hankyu.co.jp/files/upload/topics/220803/2023040_fare.pdf,Covered-section adjacent km cross-checked; fare rule official.
阪神電鉄,本線,尼崎,大物,0.9,official_rules_extracted,https://www.hanshin.co.jp/ticket/,Adjacent operating km extracted from current official passenger rules.
阪神電鉄,本線,大物,杭瀬,1.2,official_rules_extracted,https://www.hanshin.co.jp/ticket/,Adjacent operating km extracted from current official passenger rules.
阪神電鉄,本線,杭瀬,千船,0.9,official_rules_extracted,https://www.hanshin.co.jp/ticket/,Adjacent operating km extracted from current official passenger rules.
阪神電鉄,本線,千船,姫島,1.5,official_rules_extracted,https://www.hanshin.co.jp/ticket/,Adjacent operating km extracted from current official passenger rules.
阪神電鉄,本線,姫島,淀川,1.1,official_rules_extracted,https://www.hanshin.co.jp/ticket/,Adjacent operating km extracted from current official passenger rules.
阪神電鉄,本線,淀川,野田,1.0,official_rules_extracted,https://www.hanshin.co.jp/ticket/,Adjacent operating km extracted from current official passenger rules.
阪神電鉄,本線,野田,福島,1.2,official_rules_extracted,https://www.hanshin.co.jp/ticket/,Adjacent operating km extracted from current official passenger rules.
阪神電鉄,本線,福島,大阪梅田,1.1,official_rules_extracted,https://www.hanshin.co.jp/ticket/,Adjacent operating km extracted from current official passenger rules.
阪神電鉄,阪神なんば線,大物,出来島,1.4,official_rules_extracted,https://www.hanshin.co.jp/ticket/,Adjacent operating km extracted from current official passenger rules.
阪神電鉄,阪神なんば線,出来島,福,1.0,official_rules_extracted,https://www.hanshin.co.jp/ticket/,Adjacent operating km extracted from current official passenger rules.
阪神電鉄,阪神なんば線,福,伝法,1.5,official_rules_extracted,https://www.hanshin.co.jp/ticket/,Adjacent operating km extracted from current official passenger rules.
阪神電鉄,阪神なんば線,伝法,千鳥橋,0.7,official_rules_extracted,https://www.hanshin.co.jp/ticket/,Adjacent operating km extracted from current official passenger rules.
阪神電鉄,阪神なんば線,千鳥橋,西九条,0.8,official_rules_extracted,https://www.hanshin.co.jp/ticket/,Adjacent operating km extracted from current official passenger rules.
阪神電鉄,阪神なんば線,西九条,九条,1.3,official_rules_extracted,https://www.hanshin.co.jp/ticket/,Adjacent operating km extracted from current official passenger rules.
阪神電鉄,阪神なんば線,九条,ドーム前,0.6,official_rules_extracted,https://www.hanshin.co.jp/ticket/,Adjacent operating km extracted from current official passenger rules.
阪神電鉄,阪神なんば線,ドーム前,桜川,0.8,official_rules_extracted,https://www.hanshin.co.jp/ticket/,Adjacent operating km extracted from current official passenger rules.
阪神電鉄,阪神なんば線,桜川,大阪難波,1.1,official_rules_extracted,https://www.hanshin.co.jp/ticket/,Adjacent operating km extracted from current official passenger rules.
京阪電鉄,京阪本線,淀屋橋,北浜,0.5,wikipedia_cc_by_sa_cross_checked,https://ja.wikipedia.org/wiki/%E4%BA%AC%E9%98%AA%E6%9C%AC%E7%B7%9A,Adjacent operating-km factual value normalized from Japanese Wikipedia (CC BY-SA); used only as a factual edge value in an independently calculated graph.
京阪電鉄,京阪本線,北浜,天満橋,0.8,wikipedia_cc_by_sa_cross_checked,https://ja.wikipedia.org/wiki/%E4%BA%AC%E9%98%AA%E6%9C%AC%E7%B7%9A,Adjacent operating-km factual value normalized from Japanese Wikipedia (CC BY-SA); used only as a factual edge value in an independently calculated graph.
京阪電鉄,京阪本線,天満橋,京橋,1.7,wikipedia_cc_by_sa_cross_checked,https://ja.wikipedia.org/wiki/%E4%BA%AC%E9%98%AA%E6%9C%AC%E7%B7%9A,Adjacent operating-km factual value normalized from Japanese Wikipedia (CC BY-SA); used only as a factual edge value in an independently calculated graph.
京阪電鉄,京阪本線,京橋,野江,1.6,wikipedia_cc_by_sa_cross_checked,https://ja.wikipedia.org/wiki/%E4%BA%AC%E9%98%AA%E6%9C%AC%E7%B7%9A,Adjacent operating-km factual value normalized from Japanese Wikipedia (CC BY-SA); used only as a factual edge value in an independently calculated graph.
京阪電鉄,京阪本線,野江,関目,0.7,wikipedia_cc_by_sa_cross_checked,https://ja.wikipedia.org/wiki/%E4%BA%AC%E9%98%AA%E6%9C%AC%E7%B7%9A,Adjacent operating-km factual value normalized from Japanese Wikipedia (CC BY-SA); used only as a factual edge value in an independently calculated graph.
京阪電鉄,京阪本線,関目,森小路,0.9,wikipedia_cc_by_sa_cross_checked,https://ja.wikipedia.org/wiki/%E4%BA%AC%E9%98%AA%E6%9C%AC%E7%B7%9A,Adjacent operating-km factual value normalized from Japanese Wikipedia (CC BY-SA); used only as a factual edge value in an independently calculated graph.
京阪電鉄,京阪本線,森小路,千林,0.6,wikipedia_cc_by_sa_cross_checked,https://ja.wikipedia.org/wiki/%E4%BA%AC%E9%98%AA%E6%9C%AC%E7%B7%9A,Adjacent operating-km factual value normalized from Japanese Wikipedia (CC BY-SA); used only as a factual edge value in an independently calculated graph.
京阪電鉄,中之島線,中之島,渡辺橋,0.9,wikipedia_cc_by_sa_cross_checked,https://ja.wikipedia.org/wiki/%E4%BA%AC%E9%98%AA%E4%B8%AD%E4%B9%8B%E5%B3%B6%E7%B7%9A,Adjacent operating-km factual value normalized from Japanese Wikipedia (CC BY-SA); used only as a factual edge value in an independently calculated graph.
京阪電鉄,中之島線,渡辺橋,大江橋,0.5,wikipedia_cc_by_sa_cross_checked,https://ja.wikipedia.org/wiki/%E4%BA%AC%E9%98%AA%E4%B8%AD%E4%B9%8B%E5%B3%B6%E7%B7%9A,Adjacent operating-km factual value normalized from Japanese Wikipedia (CC BY-SA); used only as a factual edge value in an independently calculated graph.
京阪電鉄,中之島線,大江橋,なにわ橋,0.6,wikipedia_cc_by_sa_cross_checked,https://ja.wikipedia.org/wiki/%E4%BA%AC%E9%98%AA%E4%B8%AD%E4%B9%8B%E5%B3%B6%E7%B7%9A,Adjacent operating-km factual value normalized from Japanese Wikipedia (CC BY-SA); used only as a factual edge value in an independently calculated graph.
京阪電鉄,中之島線,なにわ橋,天満橋,1.0,wikipedia_cc_by_sa_cross_checked,https://ja.wikipedia.org/wiki/%E4%BA%AC%E9%98%AA%E4%B8%AD%E4%B9%8B%E5%B3%B6%E7%B7%9A,Adjacent operating-km factual value normalized from Japanese Wikipedia (CC BY-SA); used only as a factual edge value in an independently calculated graph.
近鉄,難波線,大阪難波,近鉄日本橋,0.8,official,https://www.kintetsu.co.jp/gyoumu/kippu/pdf/kirotei_20260314.pdf,
近鉄,難波線,近鉄日本橋,大阪上本町,1.2,official,https://www.kintetsu.co.jp/gyoumu/kippu/pdf/kirotei_20260314.pdf,
近鉄,難波線,大阪上本町,鶴橋,1.1,official,https://www.kintetsu.co.jp/gyoumu/kippu/pdf/kirotei_20260314.pdf,
近鉄,難波線,鶴橋,今里,1.7,official,https://www.kintetsu.co.jp/gyoumu/kippu/pdf/kirotei_20260314.pdf,
近鉄,南大阪線,大阪阿部野橋,河堀口,1.0,official,https://www.kintetsu.co.jp/gyoumu/kippu/pdf/kirotei_20260314.pdf,
近鉄,南大阪線,河堀口,北田辺,1.1,official,https://www.kintetsu.co.jp/gyoumu/kippu/pdf/kirotei_20260314.pdf,
近鉄,南大阪線,北田辺,今川,0.6,official,https://www.kintetsu.co.jp/gyoumu/kippu/pdf/kirotei_20260314.pdf,
近鉄,南大阪線,今川,針中野,1.1,official,https://www.kintetsu.co.jp/gyoumu/kippu/pdf/kirotei_20260314.pdf,
近鉄,南大阪線,針中野,矢田,1.3,official,https://www.kintetsu.co.jp/gyoumu/kippu/pdf/kirotei_20260314.pdf,
南海電鉄,南海本線,難波,新今宮,1.4,cross_checked,https://www.nankai.co.jp/lib/traffic/guide/pdf/kisoku/01_20250401.pdf,Covered section distances cross-checked against current route/major-km data.
南海電鉄,南海本線,新今宮,天下茶屋,1.6,cross_checked,https://www.nankai.co.jp/lib/traffic/guide/pdf/kisoku/01_20250401.pdf,Covered section distances cross-checked against current route/major-km data.
南海電鉄,南海本線,天下茶屋,岸里玉出,0.9,cross_checked,https://www.nankai.co.jp/lib/traffic/guide/pdf/kisoku/01_20250401.pdf,Covered section distances cross-checked against current route/major-km data.
南海電鉄,南海本線,岸里玉出,粉浜,1.2,cross_checked,https://www.nankai.co.jp/lib/traffic/guide/pdf/kisoku/01_20250401.pdf,Covered section distances cross-checked against current route/major-km data.
南海電鉄,南海本線,粉浜,住吉大社,0.6,cross_checked,https://www.nankai.co.jp/lib/traffic/guide/pdf/kisoku/01_20250401.pdf,Covered section distances cross-checked against current route/major-km data.
南海電鉄,南海本線,住吉大社,住ノ江,1.0,cross_checked,https://www.nankai.co.jp/lib/traffic/guide/pdf/kisoku/01_20250401.pdf,Covered section distances cross-checked against current route/major-km data.
南海電鉄,南海本線,住ノ江,七道,1.5,cross_checked,https://www.nankai.co.jp/lib/traffic/guide/pdf/kisoku/01_20250401.pdf,Covered section distances cross-checked against current route/major-km data.
南海電鉄,南海本線,七道,堺,1.6,cross_checked,https://www.nankai.co.jp/lib/traffic/guide/pdf/kisoku/01_20250401.pdf,Covered section distances cross-checked against current route/major-km data.
南海電鉄,高野線,難波,今宮戎,0.9,cross_checked,https://www.nankai.co.jp/lib/traffic/guide/pdf/kisoku/01_20250401.pdf,Adjacent km cross-checked; special fares and fare rules are official.
南海電鉄,高野線,今宮戎,新今宮,0.5,cross_checked,https://www.nankai.co.jp/lib/traffic/guide/pdf/kisoku/01_20250401.pdf,Adjacent km cross-checked; special fares and fare rules are official.
南海電鉄,高野線,新今宮,萩ノ茶屋,0.6,cross_checked,https://www.nankai.co.jp/lib/traffic/guide/pdf/kisoku/01_20250401.pdf,Adjacent km cross-checked; special fares and fare rules are official.
南海電鉄,高野線,萩ノ茶屋,天下茶屋,1.0,cross_checked,https://www.nankai.co.jp/lib/traffic/guide/pdf/kisoku/01_20250401.pdf,Adjacent km cross-checked; special fares and fare rules are official.
南海電鉄,高野線,天下茶屋,岸里玉出,0.9,cross_checked,https://www.nankai.co.jp/lib/traffic/guide/pdf/kisoku/01_20250401.pdf,Adjacent km cross-checked; special fares and fare rules are official.
南海電鉄,高野線,岸里玉出,帝塚山,1.1,cross_checked,https://www.nankai.co.jp/lib/traffic/guide/pdf/kisoku/01_20250401.pdf,Adjacent km cross-checked; special fares and fare rules are official.
南海電鉄,高野線,帝塚山,住吉東,0.9,cross_checked,https://www.nankai.co.jp/lib/traffic/guide/pdf/kisoku/01_20250401.pdf,Adjacent km cross-checked; special fares and fare rules are official.
南海電鉄,高野線,住吉東,沢ノ町,0.9,cross_checked,https://www.nankai.co.jp/lib/traffic/guide/pdf/kisoku/01_20250401.pdf,Adjacent km cross-checked; special fares and fare rules are official.
南海電鉄,高野線,沢ノ町,我孫子前,0.6,cross_checked,https://www.nankai.co.jp/lib/traffic/guide/pdf/kisoku/01_20250401.pdf,Adjacent km cross-checked; special fares and fare rules are official.
南海電鉄,高野線,我孫子前,浅香山,1.3,cross_checked,https://www.nankai.co.jp/lib/traffic/guide/pdf/kisoku/01_20250401.pdf,Adjacent km cross-checked; special fares and fare rules are official.
南海電鉄,高野線,浅香山,堺東,1.6,cross_checked,https://www.nankai.co.jp/lib/traffic/guide/pdf/kisoku/01_20250401.pdf,Adjacent km cross-checked; special fares and fare rules are official.
南海電鉄,高野線,堺東,三国ヶ丘,1.5,cross_checked,https://www.nankai.co.jp/lib/traffic/guide/pdf/kisoku/01_20250401.pdf,Adjacent km cross-checked; special fares and fare rules are official.
南海電鉄,高野線,三国ヶ丘,百舌鳥八幡,0.9,cross_checked,https://www.nankai.co.jp/lib/traffic/guide/pdf/kisoku/01_20250401.pdf,Adjacent km cross-checked; special fares and fare rules are official.
南海電鉄,高野線,百舌鳥八幡,中百舌鳥,0.7,cross_checked,https://www.nankai.co.jp/lib/traffic/guide/pdf/kisoku/01_20250401.pdf,Adjacent km cross-checked; special fares and fare rules are official.
